game_datetime,team_home,team_away,odds_home,odds_away,outcome
2021/10/4 03:30,Los Angeles Lakers,Brooklyn Nets,1.62,2.28,AWAY
2021/10/5 07:00,Toronto Raptors,Philadelphia 76ers,1.72,2.08,HOME
2021/10/5 07:30,Miami Heat,Atlanta Hawks,1.63,2.25,HOME
2021/10/5 07:30,Boston Celtics,Orlando Magic,1.33,3.25,HOME
2021/10/5 08:00,Oklahoma City Thunder,Charlotte Hornets,2.35,1.58,AWAY
2021/10/5 08:00,Minnesota Timberwolves,New Orleans Pelicans,1.65,2.21,HOME
2021/10/5 08:30,San Antonio Spurs,Utah Jazz,2.28,1.61,HOME
2021/10/5 10:00,Sacramento Kings,Phoenix Suns,1.71,2.1,HOME
2021/10/5 10:00,Portland Trail Blazers,Golden State Warriors,1.72,2.1,AWAY
2021/10/5 10:30,Los Angeles Clippers,Denver Nuggets,2.13,1.7,HOME
2021/10/6 07:30,New York Knicks,Indiana Pacers,1.61,2.29,HOME
2021/10/6 08:00,Memphis Grizzlies,Milwaukee Bucks,1.38,3.02,HOME
2021/10/6 08:00,Houston Rockets,Washington Wizards,1.81,1.97,HOME
2021/10/6 08:00,Chicago Bulls,Cleveland Cavaliers,1.44,2.74,HOME
2021/10/7 06:00,Phoenix Suns,Los Angeles Lakers,1.65,2.21,HOME
2021/10/7 07:00,Detroit Pistons,San Antonio Spurs,2.19,1.66,HOME
2021/10/7 07:30,Atlanta Hawks,Cleveland Cavaliers,1.61,2.29,AWAY
2021/10/7 08:00,New Orleans Pelicans,Orlando Magic,1.64,2.22,HOME
2021/10/7 08:30,Dallas Mavericks,Utah Jazz,1.44,2.75,HOME
2021/10/7 10:00,Golden State Warriors,Denver Nuggets,1.48,2.6,HOME
2021/10/7 10:30,Los Angeles Clippers,Sacramento Kings,1.79,1.99,AWAY
2021/10/8 07:00,Philadelphia 76ers,Toronto Raptors,1.47,2.63,HOME
2021/10/8 07:00,Charlotte Hornets,Memphis Grizzlies,1.99,1.8,AWAY
2021/10/8 10:00,Houston Rockets,Miami Heat,2.78,1.43,AWAY
2021/10/9 07:00,Cleveland Cavaliers,Indiana Pacers,2.31,1.61,AWAY
2021/10/9 07:30,Brooklyn Nets,Milwaukee Bucks,1.2,4.49,HOME
2021/10/9 08:00,Chicago Bulls,New Orleans Pelicans,1.28,3.57,HOME
2021/10/9 08:30,San Antonio Spurs,Miami Heat,1.4,2.92,AWAY
2021/10/9 08:30,Dallas Mavericks,Los Angeles Clippers,1.48,2.6,HOME
2021/10/9 09:00,Denver Nuggets,Minnesota Timberwolves,1.58,2.37,AWAY
2021/10/9 10:00,Golden State Warriors,Los Angeles Lakers,1.62,2.27,HOME
2021/10/10 07:00,Washington Wizards,New York Knicks,1.88,1.89,AWAY
2021/10/10 07:00,Boston Celtics,Toronto Raptors,1.61,2.28,HOME
2021/10/10 08:00,Memphis Grizzlies,Atlanta Hawks,1.97,1.81,AWAY
2021/10/11 06:00,Orlando Magic,San Antonio Spurs,2.1,1.72,AWAY
2021/10/11 07:00,Cleveland Cavaliers,Chicago Bulls,3.56,1.29,AWAY
2021/10/11 07:30,Milwaukee Bucks,Oklahoma City Thunder,1.38,3,HOME
2021/10/11 10:00,Los Angeles Lakers,Phoenix Suns,2.12,1.71,AWAY
2021/10/12 07:00,Toronto Raptors,Houston Rockets,1.42,2.82,HOME
2021/10/12 07:30,Miami Heat,Charlotte Hornets,1.27,3.7,HOME
2021/10/12 08:00,Philadelphia 76ers,Brooklyn Nets,3.27,1.33,HOME
2021/10/12 08:00,Memphis Grizzlies,Detroit Pistons,1.39,2.96,HOME
2021/10/12 09:00,Utah Jazz,New Orleans Pelicans,1.27,3.67,HOME
2021/10/12 10:00,Portland Trail Blazers,Sacramento Kings,3.39,1.31,AWAY
2021/10/12 10:30,Los Angeles Clippers,Minnesota Timberwolves,2.1,1.71,AWAY
2021/10/13 07:00,Washington Wizards,Toronto Raptors,1.31,3.37,AWAY
2021/10/13 10:30,Los Angeles Lakers,Golden State Warriors,1.36,3.12,AWAY
2021/10/14 05:00,Phoenix Suns,Portland Trail Blazers,1.36,3.09,HOME
2021/10/14 06:30,Charlotte Hornets,Dallas Mavericks,3.3,1.32,AWAY
2021/10/14 07:00,Orlando Magic,Boston Celtics,1.4,2.92,HOME
2021/10/14 07:00,Indiana Pacers,Memphis Grizzlies,1.31,3.42,HOME
2021/10/14 07:30,New York Knicks,Detroit Pistons,1.27,3.76,HOME
2021/10/14 08:00,Oklahoma City Thunder,Denver Nuggets,3.56,1.28,HOME
2021/10/14 09:00,Utah Jazz,Milwaukee Bucks,1.59,2.34,HOME
2021/10/15 07:00,Atlanta Hawks,Miami Heat,1.13,5.63,HOME
2021/10/15 07:30,Brooklyn Nets,Minnesota Timberwolves,1.3,3.44,HOME
2021/10/15 08:00,Oklahoma City Thunder,Denver Nuggets,2.58,1.5,AWAY
2021/10/15 10:00,Sacramento Kings,Los Angeles Lakers,2.29,1.62,HOME
2021/10/16 06:30,Miami Heat,Boston Celtics,1.28,3.67,HOME
2021/10/16 07:00,Indiana Pacers,Cleveland Cavaliers,1.41,2.91,AWAY
2021/10/16 07:00,Detroit Pistons,Philadelphia 76ers,1.71,2.15,HOME
2021/10/16 07:30,New York Knicks,Washington Wizards,1.41,2.89,HOME
2021/10/16 08:00,Milwaukee Bucks,Dallas Mavericks,1.17,4.94,AWAY
2021/10/16 08:00,Chicago Bulls,Memphis Grizzlies,1.5,2.6,HOME
2021/10/16 08:30,San Antonio Spurs,Houston Rockets,1.58,2.4,HOME
2021/10/16 10:00,Golden State Warriors,Portland Trail Blazers,1.26,3.89,HOME
2021/10/20 07:30,Milwaukee Bucks,Brooklyn Nets,1.86,2.01,HOME
2021/10/20 10:00,Los Angeles Lakers,Golden State Warriors,1.62,2.41,AWAY
2021/10/21 07:00,Detroit Pistons,Chicago Bulls,2.68,1.52,AWAY
2021/10/21 07:00,Charlotte Hornets,Indiana Pacers,1.97,1.9,HOME
2021/10/21 07:30,Toronto Raptors,Washington Wizards,1.7,2.22,AWAY
2021/10/21 07:30,New York Knicks,Boston Celtics,1.74,2.17,HOME
2021/10/21 08:00,New Orleans Pelicans,Philadelphia 76ers,2.38,1.63,AWAY
2021/10/21 08:00,Minnesota Timberwolves,Houston Rockets,1.42,3.02,HOME
2021/10/21 08:00,Memphis Grizzlies,Cleveland Cavaliers,1.34,3.48,HOME
2021/10/21 08:30,San Antonio Spurs,Orlando Magic,1.38,3.19,HOME
2021/10/21 09:00,Utah Jazz,Oklahoma City Thunder,1.1,8.06,HOME
2021/10/21 10:00,Portland Trail Blazers,Sacramento Kings,1.4,3.1,AWAY
2021/10/21 10:00,Phoenix Suns,Denver Nuggets,1.41,3.06,AWAY
2021/10/22 07:30,Atlanta Hawks,Dallas Mavericks,1.72,2.19,HOME
2021/10/22 08:00,Miami Heat,Milwaukee Bucks,1.78,2.13,HOME
2021/10/22 10:00,Golden State Warriors,Los Angeles Clippers,1.58,2.49,HOME
2021/10/23 07:00,Washington Wizards,Indiana Pacers,2.08,1.8,HOME
2021/10/23 07:00,Orlando Magic,New York Knicks,3.72,1.3,AWAY
2021/10/23 07:00,Cleveland Cavaliers,Charlotte Hornets,2.14,1.75,AWAY
2021/10/23 07:30,Philadelphia 76ers,Brooklyn Nets,2,1.86,AWAY
2021/10/23 07:30,Boston Celtics,Toronto Raptors,1.35,3.32,AWAY
2021/10/23 08:00,Houston Rockets,Oklahoma City Thunder,1.67,2.28,HOME
2021/10/23 08:00,Chicago Bulls,New Orleans Pelicans,1.39,3.13,HOME
2021/10/23 09:00,Denver Nuggets,San Antonio Spurs,1.32,3.55,HOME
2021/10/23 10:00,Sacramento Kings,Utah Jazz,3.06,1.4,AWAY
2021/10/23 10:00,Los Angeles Lakers,Phoenix Suns,1.98,1.88,AWAY
2021/10/24 06:00,Cleveland Cavaliers,Atlanta Hawks,3.94,1.27,HOME
2021/10/24 07:00,Indiana Pacers,Miami Heat,2.37,1.63,HOME
2021/10/24 07:30,Toronto Raptors,Dallas Mavericks,2.57,1.55,AWAY
2021/10/24 08:00,Minnesota Timberwolves,New Orleans Pelicans,1.33,3.48,HOME
2021/10/24 08:00,Chicago Bulls,Detroit Pistons,1.29,3.82,HOME
2021/10/24 08:30,San Antonio Spurs,Milwaukee Bucks,3.08,1.4,AWAY
2021/10/24 10:00,Portland Trail Blazers,Phoenix Suns,1.67,2.28,HOME
2021/10/24 10:30,Los Angeles Clippers,Memphis Grizzlies,1.58,2.47,AWAY
2021/10/25 04:00,Brooklyn Nets,Charlotte Hornets,1.23,4.41,AWAY
2021/10/25 07:00,Oklahoma City Thunder,Philadelphia 76ers,4.74,1.21,AWAY
2021/10/25 07:00,New York Knicks,Orlando Magic,1.13,6.53,AWAY
2021/10/25 07:00,Houston Rockets,Boston Celtics,2.8,1.47,AWAY
2021/10/25 09:00,Sacramento Kings,Golden State Warriors,2.3,1.66,AWAY
2021/10/25 09:30,Los Angeles Lakers,Memphis Grizzlies,1.49,2.75,HOME
2021/10/26 07:00,Indiana Pacers,Milwaukee Bucks,2.1,1.8,AWAY
2021/10/26 07:00,Charlotte Hornets,Boston Celtics,2.08,1.8,AWAY
2021/10/26 07:30,Toronto Raptors,Chicago Bulls,2.12,1.77,AWAY
2021/10/26 07:30,Miami Heat,Orlando Magic,1.1,7.87,HOME
2021/10/26 07:30,Brooklyn Nets,Washington Wizards,1.42,2.98,HOME
2021/10/26 07:30,Atlanta Hawks,Detroit Pistons,1.15,5.87,HOME
2021/10/26 08:00,Minnesota Timberwolves,New Orleans Pelicans,1.44,2.9,AWAY
2021/10/26 09:00,Denver Nuggets,Cleveland Cavaliers,1.2,4.95,AWAY
2021/10/26 10:30,Los Angeles Clippers,Portland Trail Blazers,1.74,2.17,HOME
2021/10/27 07:30,New York Knicks,Philadelphia 76ers,1.86,1.99,HOME
2021/10/27 08:00,Oklahoma City Thunder,Golden State Warriors,4.73,1.21,AWAY
2021/10/27 08:30,San Antonio Spurs,Los Angeles Lakers,1.75,2.16,AWAY
2021/10/27 08:30,Dallas Mavericks,Houston Rockets,1.15,5.83,HOME
2021/10/27 10:00,Utah Jazz,Denver Nuggets,1.32,3.55,HOME
2021/10/28 07:00,Orlando Magic,Charlotte Hornets,2.88,1.45,AWAY
2021/10/28 07:30,Toronto Raptors,Indiana Pacers,1.86,1.99,HOME
2021/10/28 07:30,New Orleans Pelicans,Atlanta Hawks,2.73,1.49,AWAY
2021/10/28 07:30,Brooklyn Nets,Miami Heat,1.65,2.35,AWAY
2021/10/28 07:30,Boston Celtics,Washington Wizards,1.57,2.51,AWAY
2021/10/28 08:00,Oklahoma City Thunder,Los Angeles Lakers,2.95,1.43,HOME
2021/10/28 08:00,Milwaukee Bucks,Minnesota Timberwolves,1.43,2.99,AWAY
2021/10/28 10:00,Portland Trail Blazers,Memphis Grizzlies,1.74,2.17,HOME
2021/10/28 10:00,Phoenix Suns,Sacramento Kings,1.29,3.85,AWAY
2021/10/28 10:30,Los Angeles Clippers,Cleveland Cavaliers,1.27,3.96,AWAY
2021/10/29 07:00,Washington Wizards,Atlanta Hawks,2.47,1.58,HOME
2021/10/29 07:00,Philadelphia 76ers,Detroit Pistons,1.17,5.43,HOME
2021/10/29 08:00,Houston Rockets,Utah Jazz,4.51,1.23,AWAY
2021/10/29 08:00,Chicago Bulls,New York Knicks,1.86,2.01,AWAY
2021/10/29 08:30,Dallas Mavericks,San Antonio Spurs,1.39,3.17,HOME
2021/10/29 10:00,Golden State Warriors,Memphis Grizzlies,1.41,3.03,AWAY
2021/10/30 07:00,Toronto Raptors,Orlando Magic,1.23,4.41,HOME
2021/10/30 07:30,Miami Heat,Charlotte Hornets,1.37,3.24,HOME
2021/10/30 07:30,Brooklyn Nets,Indiana Pacers,1.25,4.24,HOME
2021/10/30 08:00,New Orleans Pelicans,Sacramento Kings,2,1.86,AWAY
2021/10/30 10:00,Portland Trail Blazers,Los Angeles Clippers,1.63,2.38,HOME
2021/10/30 10:00,Denver Nuggets,Dallas Mavericks,1.61,2.42,HOME
2021/10/30 10:30,Los Angeles Lakers,Cleveland Cavaliers,1.29,3.84,HOME
2021/10/31 05:00,Washington Wizards,Boston Celtics,1.77,2.11,HOME
2021/10/31 07:00,New Orleans Pelicans,New York Knicks,3.82,1.29,AWAY
2021/10/31 07:00,Detroit Pistons,Orlando Magic,1.43,2.96,HOME
2021/10/31 07:30,Philadelphia 76ers,Atlanta Hawks,1.61,2.42,HOME
2021/10/31 07:30,Indiana Pacers,Toronto Raptors,1.68,2.26,AWAY
2021/10/31 08:00,Minnesota Timberwolves,Denver Nuggets,1.83,2.04,AWAY
2021/10/31 08:00,Milwaukee Bucks,San Antonio Spurs,1.35,3.3,AWAY
2021/10/31 08:00,Memphis Grizzlies,Miami Heat,1.61,2.4,AWAY
2021/10/31 08:00,Chicago Bulls,Utah Jazz,2.35,1.63,HOME
2021/10/31 08:30,Golden State Warriors,Oklahoma City Thunder,1.12,6.8,HOME
2021/10/31 10:00,Phoenix Suns,Cleveland Cavaliers,1.2,4.87,HOME
2021/11/1 03:30,Dallas Mavericks,Sacramento Kings,1.57,2.51,HOME
2021/11/1 07:00,Milwaukee Bucks,Utah Jazz,2.72,1.51,AWAY
2021/11/1 07:00,Charlotte Hornets,Portland Trail Blazers,2.1,1.79,HOME
2021/11/1 07:30,Brooklyn Nets,Detroit Pistons,1.13,6.71,HOME
2021/11/1 10:30,Los Angeles Lakers,Houston Rockets,1.17,5.49,HOME
2021/11/2 07:00,Philadelphia 76ers,Portland Trail Blazers,2.13,1.77,HOME
2021/11/2 07:00,Indiana Pacers,San Antonio Spurs,1.69,2.24,HOME
2021/11/2 07:00,Charlotte Hornets,Cleveland Cavaliers,1.5,2.71,AWAY
2021/11/2 07:30,New York Knicks,Toronto Raptors,1.35,3.39,AWAY
2021/11/2 07:30,Boston Celtics,Chicago Bulls,1.68,2.27,AWAY
2021/11/2 07:30,Atlanta Hawks,Washington Wizards,1.49,2.74,HOME
2021/11/2 08:00,Minnesota Timberwolves,Orlando Magic,1.25,4.23,AWAY
2021/11/2 08:00,Memphis Grizzlies,Denver Nuggets,1.8,2.08,HOME
2021/11/2 10:30,Los Angeles Clippers,Oklahoma City Thunder,1.12,6.66,HOME
2021/11/3 07:00,Detroit Pistons,Milwaukee Bucks,2.58,1.54,AWAY
2021/11/3 07:30,Dallas Mavericks,Miami Heat,2.23,1.7,AWAY
2021/11/3 09:00,Utah Jazz,Sacramento Kings,1.23,4.5,HOME
2021/11/3 10:00,Phoenix Suns,New Orleans Pelicans,1.19,5.11,HOME
2021/11/3 10:30,Los Angeles Lakers,Houston Rockets,1.15,5.88,HOME
2021/11/4 07:00,Washington Wizards,Toronto Raptors,1.61,2.4,AWAY
2021/11/4 07:00,Philadelphia 76ers,Chicago Bulls,1.73,2.17,HOME
2021/11/4 07:00,Orlando Magic,Boston Celtics,3.36,1.35,AWAY
2021/11/4 07:00,Indiana Pacers,New York Knicks,1.93,1.92,HOME
2021/11/4 07:00,Cleveland Cavaliers,Portland Trail Blazers,2.84,1.46,HOME
2021/11/4 07:30,Brooklyn Nets,Atlanta Hawks,1.55,2.58,HOME
2021/11/4 08:00,Minnesota Timberwolves,Los Angeles Clippers,2.18,1.72,AWAY
2021/11/4 08:00,Memphis Grizzlies,Denver Nuggets,2,1.86,HOME
2021/11/4 08:30,San Antonio Spurs,Dallas Mavericks,2.1,1.78,AWAY
2021/11/4 10:00,Sacramento Kings,New Orleans Pelicans,1.45,2.89,HOME
2021/11/4 10:00,Golden State Warriors,Charlotte Hornets,1.41,3.02,HOME
2021/11/5 07:00,Detroit Pistons,Philadelphia 76ers,2.64,1.52,AWAY
2021/11/5 07:30,Miami Heat,Boston Celtics,1.39,3.14,AWAY
2021/11/5 07:30,Atlanta Hawks,Utah Jazz,1.98,1.88,AWAY
2021/11/5 10:00,Phoenix Suns,Houston Rockets,1.14,6.07,HOME
2021/11/5 10:30,Los Angeles Lakers,Oklahoma City Thunder,1.17,5.33,AWAY
2021/11/6 07:00,Washington Wizards,Memphis Grizzlies,1.74,2.15,HOME
2021/11/6 07:00,Orlando Magic,San Antonio Spurs,2.42,1.6,AWAY
2021/11/6 07:00,Detroit Pistons,Brooklyn Nets,4.9,1.2,AWAY
2021/11/6 07:30,Toronto Raptors,Cleveland Cavaliers,1.44,2.94,AWAY
2021/11/6 07:30,Milwaukee Bucks,New York Knicks,1.63,2.39,AWAY
2021/11/6 08:00,Minnesota Timberwolves,Los Angeles Clippers,2.21,1.71,AWAY
2021/11/6 10:00,Sacramento Kings,Charlotte Hornets,1.77,2.1,HOME
2021/11/6 10:00,Portland Trail Blazers,Indiana Pacers,1.45,2.86,HOME
2021/11/6 10:00,Golden State Warriors,New Orleans Pelicans,1.22,4.57,HOME
2021/11/7 05:00,Denver Nuggets,Houston Rockets,1.16,5.65,HOME
2021/11/7 07:30,Miami Heat,Utah Jazz,1.95,1.91,HOME
2021/11/7 08:00,Chicago Bulls,Philadelphia 76ers,1.58,2.48,AWAY
2021/11/7 08:30,Dallas Mavericks,Boston Celtics,1.62,2.37,HOME
2021/11/7 10:00,Phoenix Suns,Atlanta Hawks,1.63,2.36,HOME
2021/11/7 10:30,Portland Trail Blazers,Los Angeles Lakers,1.51,2.69,HOME
2021/11/8 04:30,Toronto Raptors,Brooklyn Nets,2.35,1.64,AWAY
2021/11/8 07:00,Washington Wizards,Milwaukee Bucks,1.96,1.89,HOME
2021/11/8 07:00,Sacramento Kings,Indiana Pacers,1.74,2.16,AWAY
2021/11/8 07:00,Orlando Magic,Utah Jazz,5.83,1.15,HOME
2021/11/8 07:00,New York Knicks,Cleveland Cavaliers,1.32,3.57,AWAY
2021/11/8 08:00,Oklahoma City Thunder,San Antonio Spurs,2.39,1.62,HOME
2021/11/8 09:30,Golden State Warriors,Houston Rockets,1.1,7.59,HOME
2021/11/8 10:00,Los Angeles Clippers,Charlotte Hornets,1.41,3.05,HOME
2021/11/9 08:00,Philadelphia 76ers,New York Knicks,2.08,1.8,AWAY
2021/11/9 09:00,Memphis Grizzlies,Minnesota Timberwolves,1.54,2.58,HOME
2021/11/9 09:00,Chicago Bulls,Brooklyn Nets,1.96,1.9,HOME
2021/11/9 09:30,Dallas Mavericks,New Orleans Pelicans,1.24,4.35,HOME
2021/11/9 10:00,Denver Nuggets,Miami Heat,2.07,1.81,HOME
2021/11/9 11:00,Sacramento Kings,Phoenix Suns,2.36,1.63,AWAY
2021/11/9 11:00,Golden State Warriors,Atlanta Hawks,1.61,2.4,HOME
2021/11/9 11:30,Los Angeles Lakers,Charlotte Hornets,1.75,2.16,HOME
2021/11/10 08:30,Philadelphia 76ers,Milwaukee Bucks,3.45,1.34,AWAY
2021/11/10 10:00,Utah Jazz,Atlanta Hawks,1.25,4.17,HOME
2021/11/10 11:00,Los Angeles Clippers,Portland Trail Blazers,1.67,2.29,HOME
2021/11/11 08:00,Orlando Magic,Brooklyn Nets,4.64,1.21,AWAY
2021/11/11 08:00,Cleveland Cavaliers,Washington Wizards,2.35,1.63,AWAY
2021/11/11 08:30,New York Knicks,Milwaukee Bucks,1.62,2.38,AWAY
2021/11/11 08:30,Houston Rockets,Detroit Pistons,1.68,2.26,AWAY
2021/11/11 08:30,Boston Celtics,Toronto Raptors,1.66,2.3,HOME
2021/11/11 09:00,New Orleans Pelicans,Oklahoma City Thunder,1.55,2.54,AWAY
2021/11/11 09:00,Memphis Grizzlies,Charlotte Hornets,1.54,2.58,AWAY
2021/11/11 09:00,Chicago Bulls,Dallas Mavericks,1.62,2.39,HOME
2021/11/11 09:30,San Antonio Spurs,Sacramento Kings,1.9,1.95,HOME
2021/11/11 10:00,Phoenix Suns,Portland Trail Blazers,1.5,2.71,HOME
2021/11/11 10:00,Denver Nuggets,Indiana Pacers,2.39,1.62,HOME
2021/11/11 11:00,Los Angeles Lakers,Miami Heat,2.83,1.46,HOME
2021/11/11 11:00,Golden State Warriors,Minnesota Timberwolves,1.31,3.61,HOME
2021/11/12 08:00,Philadelphia 76ers,Toronto Raptors,1.59,2.47,AWAY
2021/11/12 10:00,Utah Jazz,Indiana Pacers,1.18,5.18,AWAY
2021/11/12 11:30,Los Angeles Clippers,Miami Heat,1.48,2.79,HOME
2021/11/13 08:00,Charlotte Hornets,New York Knicks,2.24,1.69,HOME
2021/11/13 08:30,Cleveland Cavaliers,Detroit Pistons,1.5,2.69,HOME
2021/11/13 08:30,Boston Celtics,Milwaukee Bucks,1.47,2.81,HOME
2021/11/13 09:00,Oklahoma City Thunder,Sacramento Kings,2.67,1.51,HOME
2021/11/13 09:00,New Orleans Pelicans,Brooklyn Nets,4.53,1.22,AWAY
2021/11/13 09:00,Memphis Grizzlies,Phoenix Suns,2.08,1.79,AWAY
2021/11/13 09:00,Houston Rockets,Portland Trail Blazers,3.23,1.37,AWAY
2021/11/13 09:30,San Antonio Spurs,Dallas Mavericks,2.19,1.71,AWAY
2021/11/13 10:00,Denver Nuggets,Atlanta Hawks,1.62,2.38,HOME
2021/11/13 11:00,Golden State Warriors,Chicago Bulls,1.45,2.91,HOME
2021/11/13 11:30,Los Angeles Lakers,Minnesota Timberwolves,1.8,2.07,AWAY
2021/11/14 06:00,Utah Jazz,Miami Heat,1.29,3.8,AWAY
2021/11/14 08:00,Orlando Magic,Washington Wizards,2.59,1.53,AWAY
2021/11/14 08:00,New Orleans Pelicans,Memphis Grizzlies,2.35,1.63,HOME
2021/11/14 08:00,Indiana Pacers,Philadelphia 76ers,1.6,2.42,HOME
2021/11/14 08:30,Toronto Raptors,Detroit Pistons,1.27,3.99,AWAY
2021/11/14 09:00,Cleveland Cavaliers,Boston Celtics,1.94,1.92,HOME
2021/11/14 11:30,Los Angeles Clippers,Minnesota Timberwolves,1.36,3.29,HOME
2021/11/15 04:30,Los Angeles Lakers,San Antonio Spurs,1.74,2.17,HOME
2021/11/15 07:00,Atlanta Hawks,Milwaukee Bucks,1.76,2.14,HOME
2021/11/15 08:00,Oklahoma City Thunder,Brooklyn Nets,4.34,1.24,AWAY
2021/11/15 08:00,Houston Rockets,Phoenix Suns,4.02,1.26,AWAY
2021/11/15 08:00,Charlotte Hornets,Golden State Warriors,2.79,1.47,HOME
2021/11/15 09:00,Denver Nuggets,Portland Trail Blazers,1.43,2.96,HOME
2021/11/15 10:30,Los Angeles Clippers,Chicago Bulls,1.59,2.46,AWAY
2021/11/16 08:00,Washington Wizards,New Orleans Pelicans,1.54,2.57,HOME
2021/11/16 08:00,Detroit Pistons,Sacramento Kings,2.52,1.56,AWAY
2021/11/16 08:00,Cleveland Cavaliers,Boston Celtics,2.51,1.57,AWAY
2021/11/16 08:30,New York Knicks,Indiana Pacers,1.65,2.31,HOME
2021/11/16 08:30,Atlanta Hawks,Orlando Magic,1.18,5.19,HOME
2021/11/16 09:00,Oklahoma City Thunder,Miami Heat,3.16,1.38,AWAY
2021/11/16 09:00,Minnesota Timberwolves,Phoenix Suns,2.46,1.58,AWAY
2021/11/16 09:00,Memphis Grizzlies,Houston Rockets,1.14,6.09,HOME
2021/11/16 09:00,Dallas Mavericks,Denver Nuggets,1.48,2.77,HOME
2021/11/16 11:00,Portland Trail Blazers,Toronto Raptors,1.64,2.33,HOME
2021/11/16 11:30,Los Angeles Lakers,Chicago Bulls,2.1,1.79,AWAY
2021/11/17 08:30,Brooklyn Nets,Golden State Warriors,1.72,2.21,AWAY
2021/11/17 11:00,Utah Jazz,Philadelphia 76ers,1.18,5.2,HOME
2021/11/17 11:30,Los Angeles Clippers,San Antonio Spurs,1.32,3.52,HOME
2021/11/18 08:00,Detroit Pistons,Indiana Pacers,3.26,1.37,HOME
2021/11/18 08:00,Charlotte Hornets,Washington Wizards,1.89,1.95,HOME
2021/11/18 08:30,New York Knicks,Orlando Magic,1.13,6.39,AWAY
2021/11/18 08:30,Milwaukee Bucks,Los Angeles Lakers,1.24,4.31,HOME
2021/11/18 08:30,Miami Heat,New Orleans Pelicans,1.37,3.25,HOME
2021/11/18 08:30,Brooklyn Nets,Cleveland Cavaliers,1.2,4.87,HOME
2021/11/18 08:30,Atlanta Hawks,Boston Celtics,1.5,2.69,HOME
2021/11/18 09:00,Oklahoma City Thunder,Houston Rockets,1.64,2.34,HOME
2021/11/18 09:00,Minnesota Timberwolves,Sacramento Kings,1.73,2.16,HOME
2021/11/18 11:00,Portland Trail Blazers,Chicago Bulls,1.62,2.38,HOME
2021/11/18 11:00,Phoenix Suns,Dallas Mavericks,1.28,3.96,HOME
2021/11/19 08:30,Miami Heat,Washington Wizards,1.37,3.21,HOME
2021/11/19 08:30,Cleveland Cavaliers,Golden State Warriors,4.54,1.22,AWAY
2021/11/19 09:00,Minnesota Timberwolves,San Antonio Spurs,1.76,2.12,HOME
2021/11/19 09:00,Memphis Grizzlies,Los Angeles Clippers,1.94,1.91,HOME
2021/11/19 10:00,Utah Jazz,Toronto Raptors,1.19,5.05,HOME
2021/11/19 10:00,Denver Nuggets,Philadelphia 76ers,1.31,3.65,AWAY
2021/11/20 08:00,Detroit Pistons,Golden State Warriors,2.11,1.77,AWAY
2021/11/20 08:00,Charlotte Hornets,Indiana Pacers,1.95,1.88,HOME
2021/11/20 08:30,Brooklyn Nets,Orlando Magic,1.21,4.75,HOME
2021/11/20 08:30,Boston Celtics,Los Angeles Lakers,1.9,1.95,HOME
2021/11/20 09:00,New Orleans Pelicans,Los Angeles Clippers,2.58,1.54,HOME
2021/11/20 09:00,Milwaukee Bucks,Oklahoma City Thunder,1.11,7.16,HOME
2021/11/20 10:00,Denver Nuggets,Chicago Bulls,2.11,1.78,AWAY
2021/11/20 11:00,Sacramento Kings,Toronto Raptors,1.64,2.35,AWAY
2021/11/20 11:00,Phoenix Suns,Dallas Mavericks,1.27,4,HOME
2021/11/21 06:00,New York Knicks,Houston Rockets,1.15,6.04,HOME
2021/11/21 08:00,Washington Wizards,Miami Heat,2.18,1.72,HOME
2021/11/21 08:00,Indiana Pacers,New Orleans Pelicans,1.31,3.59,HOME
2021/11/21 08:30,Boston Celtics,Oklahoma City Thunder,1.22,4.62,HOME
2021/11/21 08:30,Atlanta Hawks,Charlotte Hornets,1.35,3.39,HOME
2021/11/21 09:00,Minnesota Timberwolves,Memphis Grizzlies,1.71,2.2,HOME
2021/11/21 09:00,Milwaukee Bucks,Orlando Magic,1.11,7.29,HOME
2021/11/21 11:00,Sacramento Kings,Utah Jazz,3.66,1.31,AWAY
2021/11/21 11:00,Portland Trail Blazers,Philadelphia 76ers,1.34,3.4,HOME
2021/11/22 04:30,Los Angeles Clippers,Dallas Mavericks,1.46,2.82,HOME
2021/11/22 07:00,Detroit Pistons,Los Angeles Lakers,3.44,1.34,AWAY
2021/11/22 09:00,Phoenix Suns,Denver Nuggets,1.2,4.96,HOME
2021/11/22 09:00,Chicago Bulls,New York Knicks,1.46,2.84,HOME
2021/11/22 09:30,Golden State Warriors,Toronto Raptors,1.25,4.17,HOME
2021/11/23 08:00,Washington Wizards,Charlotte Hornets,1.53,2.6,AWAY
2021/11/23 08:00,Cleveland Cavaliers,Brooklyn Nets,2.82,1.46,AWAY
2021/11/23 08:30,Boston Celtics,Houston Rockets,1.15,5.98,HOME
2021/11/23 08:30,Atlanta Hawks,Oklahoma City Thunder,1.1,7.6,HOME
2021/11/23 09:00,New Orleans Pelicans,Minnesota Timberwolves,2.37,1.63,AWAY
2021/11/23 09:00,Milwaukee Bucks,Orlando Magic,1.09,8.07,HOME
2021/11/23 09:00,Chicago Bulls,Indiana Pacers,1.85,2.01,AWAY
2021/11/23 09:30,San Antonio Spurs,Phoenix Suns,2.8,1.46,AWAY
2021/11/23 10:00,Utah Jazz,Memphis Grizzlies,1.18,5.15,AWAY
2021/11/23 11:00,Sacramento Kings,Philadelphia 76ers,1.5,2.68,AWAY
2021/11/24 08:00,Detroit Pistons,Miami Heat,4.99,1.19,AWAY
2021/11/24 08:30,New York Knicks,Los Angeles Lakers,1.54,2.6,HOME
2021/11/24 11:00,Portland Trail Blazers,Denver Nuggets,1.22,4.55,HOME
2021/11/24 11:30,Los Angeles Clippers,Dallas Mavericks,1.68,2.26,AWAY
2021/11/25 08:00,Indiana Pacers,Los Angeles Lakers,1.4,3.08,AWAY
2021/11/25 08:00,Cleveland Cavaliers,Phoenix Suns,3.46,1.33,AWAY
2021/11/25 08:00,Orlando Magic,Charlotte Hornets,3.65,1.31,AWAY
2021/11/25 08:30,Boston Celtics,Brooklyn Nets,1.83,2.03,AWAY
2021/11/25 09:00,Oklahoma City Thunder,Utah Jazz,8.57,1.08,AWAY
2021/11/25 09:00,New Orleans Pelicans,Washington Wizards,2.42,1.6,HOME
2021/11/25 09:00,Minnesota Timberwolves,Miami Heat,1.94,1.9,HOME
2021/11/25 09:00,Milwaukee Bucks,Detroit Pistons,1.07,9.76,HOME
2021/11/25 09:00,Memphis Grizzlies,Toronto Raptors,1.62,2.37,AWAY
2021/11/25 09:00,Houston Rockets,Chicago Bulls,4.48,1.23,HOME
2021/11/25 09:30,San Antonio Spurs,Atlanta Hawks,2.41,1.6,AWAY
2021/11/25 11:00,Sacramento Kings,Portland Trail Blazers,2.44,1.59,HOME
2021/11/25 11:00,Golden State Warriors,Philadelphia 76ers,1.2,4.8,HOME
2021/11/27 04:30,Los Angeles Clippers,Detroit Pistons,1.14,5.97,HOME
2021/11/27 08:00,Orlando Magic,Chicago Bulls,4.43,1.23,AWAY
2021/11/27 08:00,New York Knicks,Phoenix Suns,2.42,1.6,AWAY
2021/11/27 08:00,Charlotte Hornets,Minnesota Timberwolves,1.76,2.12,HOME
2021/11/27 09:00,Oklahoma City Thunder,Washington Wizards,3.13,1.39,AWAY
2021/11/27 09:00,Memphis Grizzlies,Atlanta Hawks,1.97,1.87,AWAY
2021/11/27 09:00,Indiana Pacers,Toronto Raptors,1.5,2.7,HOME
2021/11/27 09:30,San Antonio Spurs,Boston Celtics,2.56,1.54,HOME
2021/11/27 10:00,Utah Jazz,New Orleans Pelicans,1.1,7.75,AWAY
2021/11/27 10:00,Denver Nuggets,Milwaukee Bucks,3.24,1.38,AWAY
2021/11/27 11:00,Golden State Warriors,Portland Trail Blazers,1.4,3.08,HOME
2021/11/27 11:30,Los Angeles Lakers,Sacramento Kings,1.31,3.62,AWAY
2021/11/28 07:00,Philadelphia 76ers,Minnesota Timberwolves,1.39,3.15,AWAY
2021/11/28 08:30,Brooklyn Nets,Phoenix Suns,1.8,2.08,AWAY
2021/11/28 08:30,Atlanta Hawks,New York Knicks,1.31,3.64,AWAY
2021/11/28 09:00,Houston Rockets,Charlotte Hornets,2.77,1.47,HOME
2021/11/28 09:00,Cleveland Cavaliers,Orlando Magic,1.2,4.8,HOME
2021/11/28 09:00,Chicago Bulls,Miami Heat,1.95,1.9,AWAY
2021/11/28 09:30,Dallas Mavericks,Washington Wizards,1.39,3.14,AWAY
2021/11/28 10:00,Utah Jazz,New Orleans Pelicans,1.11,7.36,HOME
2021/11/29 04:40,Los Angeles Clippers,Golden State Warriors,2.24,1.7,AWAY
2021/11/29 06:00,Indiana Pacers,Milwaukee Bucks,2.12,1.77,AWAY
2021/11/29 07:00,Toronto Raptors,Boston Celtics,2.06,1.81,AWAY
2021/11/29 07:00,Memphis Grizzlies,Sacramento Kings,1.58,2.46,HOME
2021/11/29 10:30,Los Angeles Lakers,Detroit Pistons,1.19,5.09,HOME
2021/11/30 08:00,Philadelphia 76ers,Orlando Magic,1.1,8,HOME
2021/11/30 08:30,Miami Heat,Denver Nuggets,1.66,2.3,AWAY
2021/11/30 09:00,Minnesota Timberwolves,Indiana Pacers,1.59,2.45,HOME
2021/11/30 09:00,Houston Rockets,Oklahoma City Thunder,1.72,2.19,HOME
2021/11/30 09:00,Chicago Bulls,Charlotte Hornets,1.48,2.76,HOME
2021/11/30 09:30,San Antonio Spurs,Washington Wizards,2.32,1.65,HOME
2021/11/30 09:30,Dallas Mavericks,Cleveland Cavaliers,1.37,3.23,AWAY
2021/11/30 10:00,Utah Jazz,Portland Trail Blazers,1.35,3.37,HOME
2021/11/30 11:30,Los Angeles Clippers,New Orleans Pelicans,1.34,3.43,AWAY
2021/12/1 08:30,Toronto Raptors,Memphis Grizzlies,1.69,2.25,AWAY
2021/12/1 08:30,Brooklyn Nets,New York Knicks,1.4,3.11,HOME
2021/12/1 11:00,Sacramento Kings,Los Angeles Lakers,1.92,1.97,AWAY
2021/12/1 11:00,Portland Trail Blazers,Detroit Pistons,1.29,3.83,HOME
2021/12/1 11:00,Phoenix Suns,Golden State Warriors,1.66,2.32,HOME
2021/12/2 08:00,Washington Wizards,Minnesota Timberwolves,1.61,2.41,HOME
2021/12/2 08:00,Orlando Magic,Denver Nuggets,3.81,1.29,HOME
2021/12/2 08:00,Indiana Pacers,Atlanta Hawks,1.76,2.11,AWAY
2021/12/2 08:30,Miami Heat,Cleveland Cavaliers,1.67,2.27,AWAY
2021/12/2 08:30,Boston Celtics,Philadelphia 76ers,1.68,2.28,HOME
2021/12/2 09:00,Oklahoma City Thunder,Houston Rockets,1.75,2.14,AWAY
2021/12/2 09:00,New Orleans Pelicans,Dallas Mavericks,2.49,1.57,AWAY
2021/12/2 09:00,Milwaukee Bucks,Charlotte Hornets,1.26,4.07,HOME
2021/12/2 11:30,Los Angeles Clippers,Sacramento Kings,1.41,3.06,AWAY
2021/12/3 08:30,Toronto Raptors,Milwaukee Bucks,2.36,1.69,HOME
2021/12/3 08:30,New York Knicks,Chicago Bulls,2.12,1.77,AWAY
2021/12/3 09:00,Memphis Grizzlies,Oklahoma City Thunder,1.18,5.18,HOME
2021/12/3 10:00,Phoenix Suns,Detroit Pistons,1.14,6.2,HOME
2021/12/3 11:00,Portland Trail Blazers,San Antonio Spurs,1.5,2.7,AWAY
2021/12/4 08:00,Washington Wizards,Cleveland Cavaliers,1.69,2.25,AWAY
2021/12/4 08:00,Indiana Pacers,Miami Heat,1.46,2.83,AWAY
2021/12/4 08:30,Brooklyn Nets,Minnesota Timberwolves,1.24,4.26,HOME
2021/12/4 08:30,Atlanta Hawks,Philadelphia 76ers,1.71,2.21,AWAY
2021/12/4 09:00,Houston Rockets,Orlando Magic,1.66,2.29,HOME
2021/12/4 09:30,Dallas Mavericks,New Orleans Pelicans,1.34,3.42,AWAY
2021/12/4 10:00,Utah Jazz,Boston Celtics,1.28,3.86,HOME
2021/12/4 11:00,Los Angeles Lakers,Los Angeles Clippers,1.73,2.18,AWAY
2021/12/4 11:00,Golden State Warriors,Phoenix Suns,1.34,3.4,HOME
2021/12/5 02:00,New York Knicks,Denver Nuggets,1.73,2.16,AWAY
2021/12/5 09:00,Milwaukee Bucks,Miami Heat,1.4,3.08,HOME
2021/12/5 09:00,Brooklyn Nets,Chicago Bulls,1.71,2.21,AWAY
2021/12/5 09:30,Golden State Warriors,San Antonio Spurs,1.23,4.46,AWAY
2021/12/5 09:30,Dallas Mavericks,Memphis Grizzlies,1.96,1.89,AWAY
2021/12/5 11:00,Sacramento Kings,Los Angeles Clippers,2.09,1.79,HOME
2021/12/5 11:00,Portland Trail Blazers,Boston Celtics,1.87,1.98,AWAY
2021/12/6 04:30,Cleveland Cavaliers,Utah Jazz,2.77,1.48,AWAY
2021/12/6 07:00,Toronto Raptors,Washington Wizards,1.85,2,HOME
2021/12/6 07:00,Atlanta Hawks,Charlotte Hornets,1.32,3.55,AWAY
2021/12/6 08:00,Houston Rockets,New Orleans Pelicans,2.24,1.68,HOME
2021/12/7 08:00,Indiana Pacers,Washington Wizards,1.44,2.9,HOME
2021/12/7 08:00,Detroit Pistons,Oklahoma City Thunder,1.67,2.29,AWAY
2021/12/7 08:00,Charlotte Hornets,Philadelphia 76ers,3.62,1.31,AWAY
2021/12/7 08:30,Miami Heat,Memphis Grizzlies,1.44,2.89,AWAY
2021/12/7 09:00,Minnesota Timberwolves,Atlanta Hawks,1.79,2.07,AWAY
2021/12/7 09:00,Milwaukee Bucks,Cleveland Cavaliers,1.27,4.04,HOME
2021/12/7 09:00,Chicago Bulls,Denver Nuggets,1.77,2.11,HOME
2021/12/7 10:00,Phoenix Suns,San Antonio Spurs,1.33,3.47,HOME
2021/12/7 11:00,Portland Trail Blazers,Los Angeles Clippers,2.61,1.53,AWAY
2021/12/7 11:00,Golden State Warriors,Orlando Magic,1.06,10.93,HOME
2021/12/8 08:30,Dallas Mavericks,Brooklyn Nets,2.07,1.82,AWAY
2021/12/8 09:30,San Antonio Spurs,New York Knicks,2.07,1.81,AWAY
2021/12/8 11:00,Los Angeles Lakers,Boston Celtics,1.7,2.23,HOME
2021/12/9 08:00,Indiana Pacers,New York Knicks,1.51,2.67,HOME
2021/12/9 08:00,Detroit Pistons,Washington Wizards,2.76,1.48,AWAY
2021/12/9 08:00,Cleveland Cavaliers,Chicago Bulls,1.63,2.36,HOME
2021/12/9 08:00,Charlotte Hornets,Philadelphia 76ers,3.1,1.4,AWAY
2021/12/9 08:30,Toronto Raptors,Oklahoma City Thunder,1.3,3.72,AWAY
2021/12/9 08:30,Miami Heat,Milwaukee Bucks,3.24,1.38,HOME
2021/12/9 09:00,New Orleans Pelicans,Denver Nuggets,2.13,1.76,AWAY
2021/12/9 09:00,Minnesota Timberwolves,Utah Jazz,3.23,1.37,AWAY
2021/12/9 09:00,Memphis Grizzlies,Dallas Mavericks,1.83,2.03,AWAY
2021/12/9 09:00,Houston Rockets,Brooklyn Nets,2.44,1.6,HOME
2021/12/9 11:00,Sacramento Kings,Orlando Magic,1.33,3.49,HOME
2021/12/9 11:00,Golden State Warriors,Portland Trail Blazers,1.07,10.06,HOME
2021/12/9 11:30,Los Angeles Clippers,Boston Celtics,1.82,2.07,HOME
2021/12/10 08:00,Philadelphia 76ers,Utah Jazz,2.24,1.7,AWAY
2021/12/10 09:00,Memphis Grizzlies,Los Angeles Lakers,2.48,1.58,HOME
2021/12/10 09:30,San Antonio Spurs,Denver Nuggets,1.75,2.14,HOME
2021/12/11 08:00,Indiana Pacers,Dallas Mavericks,1.77,2.11,HOME
2021/12/11 08:00,Charlotte Hornets,Sacramento Kings,2.05,1.82,HOME
2021/12/11 08:30,Toronto Raptors,New York Knicks,1.81,2.06,HOME
2021/12/11 08:30,Atlanta Hawks,Brooklyn Nets,1.79,2.1,AWAY
2021/12/11 09:00,Oklahoma City Thunder,Los Angeles Lakers,2.41,1.6,AWAY
2021/12/11 09:00,New Orleans Pelicans,Detroit Pistons,1.4,3.08,HOME
2021/12/11 09:00,Minnesota Timberwolves,Cleveland Cavaliers,2.08,1.79,AWAY
2021/12/11 09:00,Houston Rockets,Milwaukee Bucks,4.44,1.23,AWAY
2021/12/11 11:00,Phoenix Suns,Boston Celtics,1.65,2.34,HOME
2021/12/12 04:30,Los Angeles Clippers,Orlando Magic,1.27,3.95,HOME
2021/12/12 08:05,Washington Wizards,Utah Jazz,3.28,1.36,AWAY
2021/12/12 09:00,Miami Heat,Chicago Bulls,2.07,1.8,HOME
2021/12/12 09:00,Memphis Grizzlies,Houston Rockets,1.29,3.82,HOME
2021/12/12 09:00,Cleveland Cavaliers,Sacramento Kings,1.4,3.1,HOME
2021/12/12 09:30,San Antonio Spurs,Denver Nuggets,1.91,1.93,AWAY
2021/12/12 09:30,Philadelphia 76ers,Golden State Warriors,2.32,1.66,HOME
2021/12/13 01:00,New York Knicks,Milwaukee Bucks,3.01,1.42,AWAY
2021/12/13 07:00,Detroit Pistons,Brooklyn Nets,3.53,1.32,AWAY
2021/12/13 08:00,San Antonio Spurs,New Orleans Pelicans,1.78,2.1,HOME
2021/12/13 08:00,Oklahoma City Thunder,Dallas Mavericks,2.5,1.57,AWAY
2021/12/13 10:00,Portland Trail Blazers,Minnesota Timberwolves,1.68,2.26,AWAY
2021/12/13 10:30,Los Angeles Lakers,Orlando Magic,1.21,4.69,HOME
2021/12/14 08:00,Toronto Raptors,Sacramento Kings,1.54,2.59,HOME
2021/12/14 08:00,Indiana Pacers,Golden State Warriors,2.49,1.58,AWAY
2021/12/14 08:00,Cleveland Cavaliers,Miami Heat,1.48,2.77,HOME
2021/12/14 08:30,Boston Celtics,Milwaukee Bucks,1.95,1.91,HOME
2021/12/14 08:30,Atlanta Hawks,Houston Rockets,1.18,5.19,AWAY
2021/12/14 09:00,Memphis Grizzlies,Philadelphia 76ers,2.15,1.75,HOME
2021/12/14 09:30,Dallas Mavericks,Charlotte Hornets,1.7,2.22,HOME
2021/12/14 10:00,Denver Nuggets,Washington Wizards,1.61,2.4,HOME
2021/12/14 11:30,Los Angeles Clippers,Phoenix Suns,2.37,1.63,HOME
2021/12/15 08:30,New York Knicks,Golden State Warriors,2.94,1.43,AWAY
2021/12/15 08:30,Brooklyn Nets,Toronto Raptors,1.61,2.4,HOME
2021/12/15 11:00,Portland Trail Blazers,Phoenix Suns,1.98,1.88,AWAY
2021/12/16 08:00,Philadelphia 76ers,Miami Heat,1.31,3.64,AWAY
2021/12/16 08:00,Orlando Magic,Atlanta Hawks,3.55,1.32,AWAY
2021/12/16 08:00,Cleveland Cavaliers,Houston Rockets,1.23,4.41,HOME
2021/12/16 08:30,Dallas Mavericks,Los Angeles Lakers,2.29,1.67,AWAY
2021/12/16 09:00,Oklahoma City Thunder,New Orleans Pelicans,2.59,1.53,AWAY
2021/12/16 09:00,Milwaukee Bucks,Indiana Pacers,2.28,1.67,HOME
2021/12/16 09:30,San Antonio Spurs,Charlotte Hornets,1.64,2.32,AWAY
2021/12/16 10:00,Denver Nuggets,Minnesota Timberwolves,1.55,2.54,AWAY
2021/12/16 11:00,Utah Jazz,Los Angeles Clippers,1.14,6.05,HOME
2021/12/16 11:00,Sacramento Kings,Washington Wizards,2.09,1.79,HOME
2021/12/16 11:00,Portland Trail Blazers,Memphis Grizzlies,2.07,1.8,AWAY
2021/12/17 08:00,Indiana Pacers,Detroit Pistons,1.19,5.04,HOME
2021/12/17 08:30,Brooklyn Nets,Philadelphia 76ers,2.17,1.74,HOME
2021/12/17 09:00,Houston Rockets,New York Knicks,2.86,1.45,AWAY
2021/12/17 10:00,Phoenix Suns,Washington Wizards,1.24,4.26,HOME
2021/12/18 08:00,Orlando Magic,Miami Heat,4.2,1.25,AWAY
2021/12/18 08:30,Boston Celtics,Golden State Warriors,2.56,1.56,AWAY
2021/12/18 08:30,Atlanta Hawks,Denver Nuggets,1.63,2.37,AWAY
2021/12/18 09:00,New Orleans Pelicans,Milwaukee Bucks,1.83,2.03,HOME
2021/12/18 10:00,Utah Jazz,San Antonio Spurs,1.14,6.19,AWAY
2021/12/18 11:00,Sacramento Kings,Memphis Grizzlies,3.17,1.39,AWAY
2021/12/18 11:00,Portland Trail Blazers,Charlotte Hornets,1.8,2.07,HOME
2021/12/18 11:00,Minnesota Timberwolves,Los Angeles Lakers,1.97,1.89,HOME
2021/12/19 01:00,Detroit Pistons,Houston Rockets,1.94,1.91,AWAY
2021/12/19 08:00,Boston Celtics,New York Knicks,1.44,2.93,HOME
2021/12/19 08:30,Toronto Raptors,Golden State Warriors,1.29,3.76,HOME
2021/12/19 08:30,Brooklyn Nets,Orlando Magic,1.48,2.77,AWAY
2021/12/19 09:00,Oklahoma City Thunder,Los Angeles Clippers,2.58,1.54,HOME
2021/12/19 10:00,Utah Jazz,Washington Wizards,1.22,4.57,AWAY
2021/12/19 10:00,Milwaukee Bucks,Cleveland Cavaliers,2.7,1.5,AWAY
2021/12/20 07:00,Sacramento Kings,San Antonio Spurs,2.65,1.51,HOME
2021/12/20 07:00,Memphis Grizzlies,Portland Trail Blazers,1.55,2.54,AWAY
2021/12/20 07:00,Detroit Pistons,Miami Heat,3.32,1.35,HOME
2021/12/20 09:00,Phoenix Suns,Charlotte Hornets,1.26,4.11,HOME
2021/12/20 09:00,Minnesota Timberwolves,Dallas Mavericks,1.61,2.4,HOME
2021/12/20 09:00,Chicago Bulls,Los Angeles Lakers,1.35,3.4,HOME
2021/12/21 08:30,Boston Celtics,Philadelphia 76ers,1.62,2.4,AWAY
2021/12/21 09:00,Memphis Grizzlies,Oklahoma City Thunder,1.25,4.24,AWAY
2021/12/21 09:00,Chicago Bulls,Houston Rockets,1.34,3.45,HOME
2021/12/21 10:00,Utah Jazz,Charlotte Hornets,1.11,7.03,HOME
2021/12/21 11:00,Golden State Warriors,Sacramento Kings,1.1,7.51,HOME
2021/12/21 11:30,Los Angeles Clippers,San Antonio Spurs,1.4,3.09,AWAY
2021/12/22 08:30,New York Knicks,Detroit Pistons,1.33,3.5,HOME
2021/12/22 08:30,Miami Heat,Indiana Pacers,2.15,1.74,HOME
2021/12/22 09:00,New Orleans Pelicans,Portland Trail Blazers,1.82,2.05,HOME
2021/12/22 09:30,Dallas Mavericks,Minnesota Timberwolves,2.15,1.74,HOME
2021/12/22 11:00,Los Angeles Lakers,Phoenix Suns,3.4,1.35,AWAY
2021/12/23 08:30,Boston Celtics,Cleveland Cavaliers,1.39,3.12,HOME
2021/12/23 08:30,Atlanta Hawks,Orlando Magic,1.32,3.51,AWAY
2021/12/23 09:00,Oklahoma City Thunder,Denver Nuggets,3.2,1.37,HOME
2021/12/23 09:00,Milwaukee Bucks,Houston Rockets,1.24,4.31,HOME
2021/12/23 11:00,Sacramento Kings,Los Angeles Clippers,2.56,1.55,AWAY
2021/12/24 08:00,Philadelphia 76ers,Atlanta Hawks,1.15,5.83,AWAY
2021/12/24 08:00,Orlando Magic,New Orleans Pelicans,2.66,1.52,AWAY
2021/12/24 08:00,Indiana Pacers,Houston Rockets,1.37,3.25,HOME
2021/12/24 08:30,New York Knicks,Washington Wizards,1.72,2.19,AWAY
2021/12/24 08:30,Miami Heat,Detroit Pistons,1.12,6.67,HOME
2021/12/24 09:30,Dallas Mavericks,Milwaukee Bucks,2.46,1.59,AWAY
2021/12/24 10:00,Utah Jazz,Minnesota Timberwolves,1.07,9.59,HOME
2021/12/24 10:00,Phoenix Suns,Oklahoma City Thunder,1.07,9.5,HOME
2021/12/24 10:00,Denver Nuggets,Charlotte Hornets,1.74,2.16,AWAY
2021/12/24 11:00,Golden State Warriors,Memphis Grizzlies,1.46,2.82,HOME
2021/12/24 11:30,Los Angeles Lakers,San Antonio Spurs,1.84,2.02,AWAY
2021/12/26 01:00,New York Knicks,Atlanta Hawks,1.41,3.05,HOME
2021/12/26 03:30,Milwaukee Bucks,Boston Celtics,1.32,3.56,HOME
2021/12/26 06:00,Phoenix Suns,Golden State Warriors,1.42,3.01,AWAY
2021/12/26 09:00,Los Angeles Lakers,Brooklyn Nets,1.72,2.19,AWAY
2021/12/26 11:30,Utah Jazz,Dallas Mavericks,1.1,7.74,HOME
2021/12/27 04:30,Miami Heat,Orlando Magic,1.17,5.33,HOME
2021/12/27 07:00,Washington Wizards,Philadelphia 76ers,2.47,1.59,AWAY
2021/12/27 07:00,Sacramento Kings,Memphis Grizzlies,2.23,1.7,AWAY
2021/12/27 07:00,Cleveland Cavaliers,Toronto Raptors,1.26,4.11,HOME
2021/12/27 08:00,San Antonio Spurs,Detroit Pistons,1.2,4.81,HOME
2021/12/27 08:00,Oklahoma City Thunder,New Orleans Pelicans,2.07,1.8,HOME
2021/12/27 09:00,Chicago Bulls,Indiana Pacers,1.56,2.54,HOME
2021/12/27 10:00,Los Angeles Clippers,Denver Nuggets,2.39,1.63,AWAY
2021/12/28 08:00,Charlotte Hornets,Houston Rockets,1.29,3.78,HOME
2021/12/28 08:30,Atlanta Hawks,Chicago Bulls,2.38,1.63,AWAY
2021/12/28 09:00,Minnesota Timberwolves,Boston Celtics,2.7,1.5,HOME
2021/12/28 09:30,San Antonio Spurs,Utah Jazz,3.3,1.36,AWAY
2021/12/28 10:00,Phoenix Suns,Memphis Grizzlies,1.3,3.68,AWAY
2021/12/28 11:00,Portland Trail Blazers,Dallas Mavericks,1.67,2.28,AWAY
2021/12/28 11:30,Los Angeles Clippers,Brooklyn Nets,2.4,1.61,AWAY
2021/12/29 08:00,Orlando Magic,Milwaukee Bucks,9.41,1.07,AWAY
2021/12/29 08:30,Toronto Raptors,Philadelphia 76ers,3.01,1.42,AWAY
2021/12/29 08:30,Miami Heat,Washington Wizards,1.31,3.62,HOME
2021/12/29 09:00,New Orleans Pelicans,Cleveland Cavaliers,2.67,1.51,HOME
2021/12/29 09:00,Minnesota Timberwolves,New York Knicks,2.72,1.49,AWAY
2021/12/29 09:00,Houston Rockets,Los Angeles Lakers,2.92,1.44,AWAY
2021/12/29 11:00,Sacramento Kings,Oklahoma City Thunder,1.45,2.88,HOME
2021/12/29 11:00,Golden State Warriors,Denver Nuggets,1.28,3.86,AWAY
2021/12/30 08:00,Indiana Pacers,Charlotte Hornets,1.61,2.4,AWAY
2021/12/30 08:00,Detroit Pistons,New York Knicks,3.94,1.27,AWAY
2021/12/30 08:30,Boston Celtics,Los Angeles Clippers,1.44,2.96,AWAY
2021/12/30 09:00,Memphis Grizzlies,Los Angeles Lakers,1.44,2.9,HOME
2021/12/30 09:00,Chicago Bulls,Atlanta Hawks,1.28,3.83,HOME
2021/12/30 10:00,Phoenix Suns,Oklahoma City Thunder,1.05,10.81,HOME
2021/12/30 11:00,Portland Trail Blazers,Utah Jazz,3.66,1.31,AWAY
2021/12/30 11:30,Sacramento Kings,Dallas Mavericks,1.94,1.9,HOME
2021/12/31 08:00,Washington Wizards,Cleveland Cavaliers,1.57,2.49,HOME
2021/12/31 08:00,Orlando Magic,Milwaukee Bucks,8.88,1.08,AWAY
2021/12/31 08:00,Brooklyn Nets,Philadelphia 76ers,1.49,2.73,AWAY
2022/1/1 02:00,Boston Celtics,Phoenix Suns,2.38,1.63,HOME
2022/1/1 04:00,Indiana Pacers,Chicago Bulls,2.39,1.62,AWAY
2022/1/1 07:00,Sacramento Kings,Dallas Mavericks,1.97,1.88,AWAY
2022/1/1 08:00,Houston Rockets,Miami Heat,2.76,1.48,AWAY
2022/1/1 08:30,Toronto Raptors,Los Angeles Clippers,1.38,3.19,HOME
2022/1/1 08:30,Cleveland Cavaliers,Atlanta Hawks,1.8,2.07,AWAY
2022/1/1 09:00,Oklahoma City Thunder,New York Knicks,2.24,1.69,HOME
2022/1/1 09:00,Memphis Grizzlies,San Antonio Spurs,1.46,2.82,HOME
2022/1/1 10:00,Utah Jazz,Minnesota Timberwolves,1.12,6.93,HOME
2022/1/1 11:30,Los Angeles Lakers,Portland Trail Blazers,1.42,3.01,HOME
2022/1/2 07:30,Milwaukee Bucks,New Orleans Pelicans,1.12,6.97,HOME
2022/1/2 08:00,Washington Wizards,Chicago Bulls,2.11,1.77,AWAY
2022/1/2 08:00,Detroit Pistons,San Antonio Spurs,3.17,1.38,HOME
2022/1/2 08:30,Brooklyn Nets,Los Angeles Clippers,1.09,8.38,AWAY
2022/1/2 09:00,Houston Rockets,Denver Nuggets,3.62,1.32,AWAY
2022/1/2 10:00,Utah Jazz,Golden State Warriors,1.51,2.68,AWAY
2022/1/3 04:30,Toronto Raptors,New York Knicks,1.28,3.95,HOME
2022/1/3 07:00,Sacramento Kings,Miami Heat,2.38,1.62,HOME
2022/1/3 07:00,Cleveland Cavaliers,Indiana Pacers,1.56,2.53,HOME
2022/1/3 07:00,Boston Celtics,Orlando Magic,1.18,5.17,HOME
2022/1/3 08:00,Oklahoma City Thunder,Dallas Mavericks,4.98,1.19,AWAY
2022/1/3 08:00,Charlotte Hornets,Phoenix Suns,2.09,1.79,AWAY
2022/1/3 10:30,Los Angeles Lakers,Minnesota Timberwolves,1.32,3.57,HOME
2022/1/4 08:00,Washington Wizards,Charlotte Hornets,1.79,2.08,HOME
2022/1/4 08:00,Philadelphia 76ers,Houston Rockets,1.1,7.64,HOME
2022/1/4 08:30,Brooklyn Nets,Memphis Grizzlies,1.4,3.09,AWAY
2022/1/4 09:00,New Orleans Pelicans,Utah Jazz,4.38,1.23,AWAY
2022/1/4 09:00,Milwaukee Bucks,Detroit Pistons,1.05,11.52,AWAY
2022/1/4 09:00,Chicago Bulls,Orlando Magic,1.09,8.19,HOME
2022/1/4 09:30,Dallas Mavericks,Denver Nuggets,1.69,2.26,HOME
2022/1/4 11:00,Portland Trail Blazers,Atlanta Hawks,2.5,1.57,HOME
2022/1/4 11:00,Golden State Warriors,Miami Heat,1.19,5.13,HOME
2022/1/4 11:30,Los Angeles Clippers,Minnesota Timberwolves,1.63,2.37,AWAY
2022/1/5 08:00,Toronto Raptors,San Antonio Spurs,1.37,3.24,HOME
2022/1/5 08:00,Cleveland Cavaliers,Memphis Grizzlies,1.65,2.31,AWAY
2022/1/5 08:30,New York Knicks,Indiana Pacers,1.63,2.37,HOME
2022/1/5 09:00,New Orleans Pelicans,Phoenix Suns,3.26,1.36,AWAY
2022/1/5 11:30,Los Angeles Lakers,Sacramento Kings,1.41,3.08,HOME
2022/1/6 08:00,Washington Wizards,Houston Rockets,1.32,3.54,AWAY
2022/1/6 08:00,Orlando Magic,Philadelphia 76ers,4.13,1.26,AWAY
2022/1/6 08:00,Charlotte Hornets,Detroit Pistons,1.18,5.14,HOME
2022/1/6 08:30,Indiana Pacers,Brooklyn Nets,4.07,1.26,AWAY
2022/1/6 08:30,Dallas Mavericks,Golden State Warriors,2.59,1.55,HOME
2022/1/6 08:30,Boston Celtics,San Antonio Spurs,1.31,3.6,AWAY
2022/1/6 09:00,Minnesota Timberwolves,Oklahoma City Thunder,1.24,4.32,HOME
2022/1/6 09:00,Milwaukee Bucks,Toronto Raptors,1.75,2.14,AWAY
2022/1/6 11:00,Sacramento Kings,Atlanta Hawks,1.84,2,AWAY
2022/1/6 11:00,Portland Trail Blazers,Miami Heat,2.17,1.74,AWAY
2022/1/6 11:00,Denver Nuggets,Utah Jazz,1.91,1.95,AWAY
2022/1/7 08:30,New York Knicks,Boston Celtics,2.16,1.75,HOME
2022/1/7 09:00,New Orleans Pelicans,Golden State Warriors,1.85,2.01,HOME
2022/1/7 09:00,Memphis Grizzlies,Detroit Pistons,1.1,7.9,HOME
2022/1/7 11:00,Phoenix Suns,Los Angeles Clippers,1.17,5.41,HOME
2022/1/8 08:00,Philadelphia 76ers,San Antonio Spurs,1.28,3.92,HOME
2022/1/8 08:30,Toronto Raptors,Utah Jazz,1.11,7.53,HOME
2022/1/8 08:30,Brooklyn Nets,Milwaukee Bucks,1.54,2.6,AWAY
2022/1/8 09:00,Oklahoma City Thunder,Minnesota Timberwolves,2.68,1.5,AWAY
2022/1/8 09:00,Houston Rockets,Dallas Mavericks,2.28,1.67,AWAY
2022/1/8 09:00,Chicago Bulls,Washington Wizards,1.45,2.86,HOME
2022/1/8 10:00,Denver Nuggets,Sacramento Kings,1.3,3.7,HOME
2022/1/8 11:00,Portland Trail Blazers,Cleveland Cavaliers,2.96,1.42,AWAY
2022/1/8 11:00,Los Angeles Lakers,Atlanta Hawks,1.82,2.05,HOME
2022/1/9 04:30,Los Angeles Clippers,Memphis Grizzlies,2.11,1.77,AWAY
2022/1/9 08:00,Indiana Pacers,Utah Jazz,2.65,1.51,HOME
2022/1/9 08:00,Detroit Pistons,Orlando Magic,1.84,2.02,HOME
2022/1/9 08:00,Charlotte Hornets,Milwaukee Bucks,1.84,2.02,HOME
2022/1/9 08:30,Boston Celtics,New York Knicks,1.31,3.64,HOME
2022/1/9 10:00,Phoenix Suns,Miami Heat,1.21,4.7,AWAY
2022/1/10 01:00,Brooklyn Nets,San Antonio Spurs,1.2,4.87,HOME
2022/1/10 04:30,Los Angeles Clippers,Atlanta Hawks,2.5,1.57,HOME
2022/1/10 07:00,Toronto Raptors,New Orleans Pelicans,1.34,3.43,HOME
2022/1/10 07:00,Orlando Magic,Washington Wizards,3.45,1.34,AWAY
2022/1/10 08:00,Oklahoma City Thunder,Denver Nuggets,3.3,1.36,AWAY
2022/1/10 08:00,Houston Rockets,Minnesota Timberwolves,3.21,1.38,AWAY
2022/1/10 08:30,Dallas Mavericks,Chicago Bulls,1.78,2.1,HOME
2022/1/10 09:30,Golden State Warriors,Cleveland Cavaliers,1.3,3.73,HOME
2022/1/10 10:00,Portland Trail Blazers,Sacramento Kings,2.06,1.8,HOME
2022/1/10 10:30,Los Angeles Lakers,Memphis Grizzlies,1.64,2.33,AWAY
2022/1/11 08:00,Detroit Pistons,Utah Jazz,5.88,1.15,HOME
2022/1/11 08:00,Charlotte Hornets,Milwaukee Bucks,2.21,1.71,HOME
2022/1/11 08:30,New York Knicks,San Antonio Spurs,1.41,3.05,HOME
2022/1/11 08:30,Boston Celtics,Indiana Pacers,1.26,4.1,HOME
2022/1/11 09:00,Houston Rockets,Philadelphia 76ers,4.81,1.2,AWAY
2022/1/11 11:00,Sacramento Kings,Cleveland Cavaliers,2.74,1.48,AWAY
2022/1/11 11:00,Portland Trail Blazers,Brooklyn Nets,3.84,1.28,HOME
2022/1/12 08:00,Washington Wizards,Oklahoma City Thunder,1.34,3.39,HOME
2022/1/12 08:30,Toronto Raptors,Phoenix Suns,2.59,1.54,AWAY
2022/1/12 09:00,New Orleans Pelicans,Minnesota Timberwolves,2.33,1.64,HOME
2022/1/12 09:00,Memphis Grizzlies,Golden State Warriors,2.14,1.76,HOME
2022/1/12 09:00,Chicago Bulls,Detroit Pistons,1.08,8.72,HOME
2022/1/12 11:30,Los Angeles Clippers,Denver Nuggets,2.18,1.72,HOME
2022/1/13 08:00,Washington Wizards,Orlando Magic,1.4,3.07,HOME
2022/1/13 08:00,Philadelphia 76ers,Charlotte Hornets,1.48,2.76,AWAY
2022/1/13 08:00,Indiana Pacers,Boston Celtics,1.88,1.98,AWAY
2022/1/13 08:30,New York Knicks,Dallas Mavericks,2.22,1.71,HOME
2022/1/13 08:30,Atlanta Hawks,Miami Heat,1.72,2.19,AWAY
2022/1/13 09:30,San Antonio Spurs,Houston Rockets,1.33,3.49,AWAY
2022/1/13 10:00,Utah Jazz,Cleveland Cavaliers,1.51,2.68,AWAY
2022/1/13 11:00,Sacramento Kings,Los Angeles Lakers,2.46,1.58,HOME
2022/1/13 11:00,Chicago Bulls,Brooklyn Nets,2.06,1.82,AWAY
2022/1/14 08:30,Milwaukee Bucks,Golden State Warriors,1.91,1.95,HOME
2022/1/14 09:00,New Orleans Pelicans,Los Angeles Clippers,1.6,2.42,HOME
2022/1/14 09:00,Memphis Grizzlies,Minnesota Timberwolves,1.65,2.31,HOME
2022/1/14 09:30,Brooklyn Nets,Oklahoma City Thunder,1.44,2.92,AWAY
2022/1/14 11:00,Denver Nuggets,Portland Trail Blazers,1.16,5.61,HOME
2022/1/15 08:00,Philadelphia 76ers,Boston Celtics,1.66,2.31,HOME
2022/1/15 08:00,Indiana Pacers,Phoenix Suns,2.94,1.43,AWAY
2022/1/15 08:00,Detroit Pistons,Toronto Raptors,4.26,1.25,HOME
2022/1/15 08:00,Charlotte Hornets,Orlando Magic,1.16,5.7,AWAY
2022/1/15 08:30,Chicago Bulls,Golden State Warriors,1.72,2.21,AWAY
2022/1/15 09:00,Miami Heat,Atlanta Hawks,1.48,2.74,HOME
2022/1/15 09:30,San Antonio Spurs,Cleveland Cavaliers,2.29,1.66,AWAY
2022/1/15 11:00,Sacramento Kings,Houston Rockets,1.49,2.72,HOME
2022/1/15 11:00,Memphis Grizzlies,Dallas Mavericks,1.73,2.19,AWAY
2022/1/16 07:30,Milwaukee Bucks,Toronto Raptors,1.33,3.51,AWAY
2022/1/16 08:00,Washington Wizards,Portland Trail Blazers,1.34,3.42,AWAY
2022/1/16 08:30,Brooklyn Nets,New Orleans Pelicans,1.44,2.88,HOME
2022/1/16 08:30,Atlanta Hawks,New York Knicks,1.83,2.03,AWAY
2022/1/16 09:00,Oklahoma City Thunder,Cleveland Cavaliers,2.72,1.49,AWAY
2022/1/16 09:00,Miami Heat,Philadelphia 76ers,1.64,2.34,AWAY
2022/1/16 09:30,San Antonio Spurs,Los Angeles Clippers,1.83,2.03,HOME
2022/1/16 09:30,Boston Celtics,Chicago Bulls,1.34,3.45,HOME
2022/1/16 10:00,Denver Nuggets,Los Angeles Lakers,1.57,2.51,HOME
2022/1/16 10:30,Dallas Mavericks,Orlando Magic,1.15,5.86,HOME
2022/1/17 02:00,Detroit Pistons,Phoenix Suns,6.33,1.14,AWAY
2022/1/17 07:00,Sacramento Kings,Houston Rockets,1.53,2.61,AWAY
2022/1/17 09:00,Minnesota Timberwolves,Golden State Warriors,1.55,2.56,HOME
2022/1/17 09:00,Denver Nuggets,Utah Jazz,2.77,1.48,AWAY
2022/1/18 01:30,Boston Celtics,New Orleans Pelicans,1.56,2.51,HOME
2022/1/18 02:00,New York Knicks,Charlotte Hornets,1.75,2.15,AWAY
2022/1/18 03:00,Washington Wizards,Philadelphia 76ers,2.1,1.78,HOME
2022/1/18 04:00,Cleveland Cavaliers,Brooklyn Nets,1.57,2.52,HOME
2022/1/18 04:30,Memphis Grizzlies,Chicago Bulls,1.27,4.01,HOME
2022/1/18 04:30,Los Angeles Clippers,Indiana Pacers,1.73,2.17,HOME
2022/1/18 07:00,Atlanta Hawks,Milwaukee Bucks,2.66,1.52,HOME
2022/1/18 08:00,Orlando Magic,Portland Trail Blazers,2.11,1.77,AWAY
2022/1/18 08:30,Miami Heat,Toronto Raptors,1.57,2.5,HOME
2022/1/18 09:30,San Antonio Spurs,Phoenix Suns,2.45,1.59,AWAY
2022/1/18 09:30,Dallas Mavericks,Oklahoma City Thunder,1.14,6.16,HOME
2022/1/18 11:30,Los Angeles Lakers,Utah Jazz,2.8,1.48,HOME
2022/1/19 08:30,New York Knicks,Minnesota Timberwolves,2.33,1.64,AWAY
2022/1/19 11:00,Golden State Warriors,Detroit Pistons,1.06,10.22,HOME
2022/1/20 08:00,Washington Wizards,Brooklyn Nets,1.89,1.94,AWAY
2022/1/20 08:00,Philadelphia 76ers,Orlando Magic,1.13,6.42,HOME
2022/1/20 08:30,Miami Heat,Portland Trail Blazers,1.24,4.28,HOME
2022/1/20 08:30,Boston Celtics,Charlotte Hornets,1.69,2.23,AWAY
2022/1/20 08:30,Atlanta Hawks,Minnesota Timberwolves,1.84,2.01,HOME
2022/1/20 09:00,Milwaukee Bucks,Memphis Grizzlies,1.39,3.13,HOME
2022/1/20 09:00,Chicago Bulls,Cleveland Cavaliers,2.32,1.64,HOME
2022/1/20 09:30,San Antonio Spurs,Oklahoma City Thunder,1.37,3.25,HOME
2022/1/20 09:30,Dallas Mavericks,Toronto Raptors,1.54,2.56,HOME
2022/1/20 10:00,Utah Jazz,Houston Rockets,1.09,8.15,AWAY
2022/1/20 11:00,Sacramento Kings,Detroit Pistons,1.34,3.37,AWAY
2022/1/20 11:00,Denver Nuggets,Los Angeles Clippers,1.23,4.37,HOME
2022/1/20 11:30,Los Angeles Lakers,Indiana Pacers,1.62,2.38,AWAY
2022/1/21 08:30,New York Knicks,New Orleans Pelicans,1.62,2.38,AWAY
2022/1/21 08:30,Dallas Mavericks,Phoenix Suns,2.14,1.75,AWAY
2022/1/21 11:00,Golden State Warriors,Indiana Pacers,1.07,9.58,AWAY
2022/1/22 08:00,Philadelphia 76ers,Los Angeles Clippers,1.32,3.59,AWAY
2022/1/22 08:00,Orlando Magic,Los Angeles Lakers,2.66,1.51,AWAY
2022/1/22 08:00,Charlotte Hornets,Oklahoma City Thunder,1.25,4.2,HOME
2022/1/22 08:30,Boston Celtics,Portland Trail Blazers,1.31,3.67,AWAY
2022/1/22 08:30,Atlanta Hawks,Miami Heat,1.82,2.06,HOME
2022/1/22 09:00,Washington Wizards,Toronto Raptors,2.16,1.74,AWAY
2022/1/22 09:00,Milwaukee Bucks,Chicago Bulls,1.19,5.11,HOME
2022/1/22 09:30,San Antonio Spurs,Brooklyn Nets,1.94,1.9,AWAY
2022/1/22 10:00,Utah Jazz,Detroit Pistons,1.08,8.62,HOME
2022/1/22 10:00,Denver Nuggets,Memphis Grizzlies,1.62,2.39,AWAY
2022/1/22 11:00,Golden State Warriors,Houston Rockets,1.16,5.63,HOME
2022/1/23 08:00,Milwaukee Bucks,Sacramento Kings,1.34,3.44,HOME
2022/1/23 09:00,Cleveland Cavaliers,Oklahoma City Thunder,1.13,6.61,HOME
2022/1/23 10:00,Phoenix Suns,Indiana Pacers,1.11,7.52,HOME
2022/1/24 02:00,New York Knicks,Los Angeles Clippers,1.57,2.5,HOME
2022/1/24 04:30,Washington Wizards,Boston Celtics,2.16,1.74,AWAY
2022/1/24 07:00,Toronto Raptors,Portland Trail Blazers,1.31,3.67,AWAY
2022/1/24 07:00,Orlando Magic,Chicago Bulls,2.39,1.62,HOME
2022/1/24 07:00,Miami Heat,Los Angeles Lakers,1.6,2.44,HOME
2022/1/24 08:00,San Antonio Spurs,Philadelphia 76ers,1.96,1.89,AWAY
2022/1/24 08:00,Charlotte Hornets,Atlanta Hawks,1.82,2.05,AWAY
2022/1/24 08:30,Dallas Mavericks,Memphis Grizzlies,1.59,2.46,HOME
2022/1/24 09:00,Minnesota Timberwolves,Brooklyn Nets,1.7,2.23,HOME
2022/1/24 09:00,Denver Nuggets,Detroit Pistons,1.13,6.53,HOME
2022/1/24 09:30,Golden State Warriors,Utah Jazz,1.79,2.09,HOME
2022/1/25 08:00,Cleveland Cavaliers,New York Knicks,1.5,2.69,HOME
2022/1/25 09:00,Oklahoma City Thunder,Chicago Bulls,1.98,1.88,AWAY
2022/1/25 09:00,New Orleans Pelicans,Indiana Pacers,1.6,2.43,HOME
2022/1/25 10:00,Phoenix Suns,Utah Jazz,1.13,6.45,HOME
2022/1/26 08:00,Washington Wizards,Los Angeles Clippers,1.5,2.68,AWAY
2022/1/26 08:00,Toronto Raptors,Charlotte Hornets,2,1.85,HOME
2022/1/26 08:00,Philadelphia 76ers,New Orleans Pelicans,1.16,5.67,HOME
2022/1/26 08:00,Detroit Pistons,Denver Nuggets,3.26,1.37,AWAY
2022/1/26 08:30,Brooklyn Nets,Los Angeles Lakers,2.39,1.63,AWAY
2022/1/26 08:30,Boston Celtics,Sacramento Kings,1.23,4.46,HOME
2022/1/26 09:00,Houston Rockets,San Antonio Spurs,2.67,1.51,AWAY
2022/1/26 11:00,Portland Trail Blazers,Minnesota Timberwolves,2.29,1.66,AWAY
2022/1/26 11:00,Golden State Warriors,Dallas Mavericks,1.62,2.4,HOME
2022/1/27 08:00,Orlando Magic,Los Angeles Clippers,1.86,2,AWAY
2022/1/27 08:00,Indiana Pacers,Charlotte Hornets,2.14,1.75,AWAY
2022/1/27 08:00,Cleveland Cavaliers,Milwaukee Bucks,2.47,1.59,HOME
2022/1/27 08:30,Miami Heat,New York Knicks,1.42,2.99,HOME
2022/1/27 08:30,Atlanta Hawks,Sacramento Kings,1.17,5.37,HOME
2022/1/27 09:00,Chicago Bulls,Toronto Raptors,1.55,2.55,HOME
2022/1/27 09:00,Brooklyn Nets,Denver Nuggets,2.81,1.47,AWAY
2022/1/27 09:30,San Antonio Spurs,Memphis Grizzlies,2.46,1.59,AWAY
2022/1/27 11:00,Utah Jazz,Phoenix Suns,1.95,1.91,AWAY
2022/1/27 11:00,Portland Trail Blazers,Dallas Mavericks,2.64,1.52,AWAY
2022/1/28 08:30,Philadelphia 76ers,Los Angeles Lakers,1.42,3.02,HOME
2022/1/28 11:00,Golden State Warriors,Minnesota Timberwolves,1.4,3.09,HOME
2022/1/29 08:00,Orlando Magic,Detroit Pistons,1.64,2.34,HOME
2022/1/29 08:30,Charlotte Hornets,Los Angeles Lakers,1.23,4.36,HOME
2022/1/29 08:30,Atlanta Hawks,Boston Celtics,1.82,2.06,HOME
2022/1/29 09:00,Oklahoma City Thunder,Indiana Pacers,2.09,1.79,AWAY
2022/1/29 09:00,New Orleans Pelicans,Denver Nuggets,2.48,1.58,AWAY
2022/1/29 09:00,Miami Heat,Los Angeles Clippers,1.28,3.96,HOME
2022/1/29 09:00,Memphis Grizzlies,Utah Jazz,1.53,2.63,HOME
2022/1/29 09:00,Houston Rockets,Portland Trail Blazers,2.22,1.71,AWAY
2022/1/29 09:30,San Antonio Spurs,Chicago Bulls,1.8,2.08,HOME
2022/1/29 10:00,Phoenix Suns,Minnesota Timberwolves,1.28,3.86,HOME
2022/1/29 11:00,Milwaukee Bucks,New York Knicks,1.25,4.18,HOME
2022/1/30 08:00,New Orleans Pelicans,Boston Celtics,3.23,1.37,AWAY
2022/1/30 08:00,Dallas Mavericks,Indiana Pacers,1.19,4.97,HOME
2022/1/30 08:30,Philadelphia 76ers,Sacramento Kings,1.16,5.62,HOME
2022/1/30 09:00,Miami Heat,Toronto Raptors,1.72,2.19,AWAY
2022/1/30 09:00,Memphis Grizzlies,Washington Wizards,1.43,2.96,HOME
2022/1/30 09:30,Golden State Warriors,Brooklyn Nets,1.2,4.97,HOME
2022/1/31 02:00,Charlotte Hornets,Los Angeles Clippers,1.43,2.96,AWAY
2022/1/31 02:00,Atlanta Hawks,Los Angeles Lakers,1.35,3.39,HOME
2022/1/31 04:30,Chicago Bulls,Portland Trail Blazers,1.51,2.69,HOME
2022/1/31 07:00,Detroit Pistons,Cleveland Cavaliers,3.66,1.31,HOME
2022/1/31 08:00,Orlando Magic,Dallas Mavericks,2.68,1.51,HOME
2022/1/31 08:00,Milwaukee Bucks,Denver Nuggets,1.42,3,AWAY
2022/1/31 09:00,Phoenix Suns,San Antonio Spurs,1.1,7.85,HOME
2022/1/31 09:00,Minnesota Timberwolves,Utah Jazz,1.8,2.08,HOME
2022/2/1 08:00,Philadelphia 76ers,Memphis Grizzlies,2.38,1.63,HOME
2022/2/1 08:00,Indiana Pacers,Los Angeles Clippers,1.93,1.92,HOME
2022/2/1 08:00,Cleveland Cavaliers,New Orleans Pelicans,1.5,2.75,HOME
2022/2/1 08:30,New York Knicks,Sacramento Kings,1.36,3.33,HOME
2022/2/1 08:30,Boston Celtics,Miami Heat,1.41,3.06,HOME
2022/2/1 08:30,Atlanta Hawks,Toronto Raptors,2.12,1.77,AWAY
2022/2/1 09:00,Oklahoma City Thunder,Portland Trail Blazers,2.38,1.62,HOME
2022/2/1 09:00,Houston Rockets,Golden State Warriors,4.86,1.2,AWAY
2022/2/2 08:00,Detroit Pistons,New Orleans Pelicans,2.08,1.81,AWAY
2022/2/2 08:30,Toronto Raptors,Miami Heat,1.8,2.08,HOME
2022/2/2 08:30,Milwaukee Bucks,Washington Wizards,1.14,6.12,HOME
2022/2/2 09:00,Minnesota Timberwolves,Denver Nuggets,1.84,2,HOME
2022/2/2 09:00,Chicago Bulls,Orlando Magic,1.29,3.85,HOME
2022/2/2 09:30,San Antonio Spurs,Golden State Warriors,1.39,3.16,AWAY
2022/2/2 11:00,Phoenix Suns,Brooklyn Nets,1.37,3.26,HOME
2022/2/3 08:00,Philadelphia 76ers,Washington Wizards,1.2,4.87,AWAY
2022/2/3 08:00,Indiana Pacers,Orlando Magic,1.62,2.39,AWAY
2022/2/3 08:30,New York Knicks,Memphis Grizzlies,2.47,1.58,AWAY
2022/2/3 08:30,Boston Celtics,Charlotte Hornets,1.41,3.06,HOME
2022/2/3 09:00,Houston Rockets,Cleveland Cavaliers,2.69,1.51,HOME
2022/2/3 09:30,Dallas Mavericks,Oklahoma City Thunder,1.12,6.79,AWAY
2022/2/3 11:00,Utah Jazz,Denver Nuggets,1.4,3.08,HOME
2022/2/3 11:00,Sacramento Kings,Brooklyn Nets,2.69,1.5,HOME
2022/2/3 11:30,Los Angeles Lakers,Portland Trail Blazers,1.59,2.46,HOME
2022/2/4 08:00,San Antonio Spurs,Miami Heat,3.72,1.3,AWAY
2022/2/4 08:00,Detroit Pistons,Minnesota Timberwolves,3.52,1.33,AWAY
2022/2/4 08:30,Toronto Raptors,Chicago Bulls,1.53,2.62,HOME
2022/2/4 08:30,Atlanta Hawks,Phoenix Suns,2.28,1.68,HOME
2022/2/4 11:00,Los Angeles Clippers,Los Angeles Lakers,1.63,2.37,HOME
2022/2/4 11:00,Golden State Warriors,Sacramento Kings,1.09,8.27,HOME
2022/2/5 08:00,Indiana Pacers,Chicago Bulls,1.99,1.87,AWAY
2022/2/5 08:00,Detroit Pistons,Boston Celtics,4.73,1.21,AWAY
2022/2/5 08:00,Charlotte Hornets,Cleveland Cavaliers,1.41,3.02,AWAY
2022/2/5 08:30,Toronto Raptors,Atlanta Hawks,1.75,2.15,HOME
2022/2/5 09:30,San Antonio Spurs,Houston Rockets,1.34,3.41,HOME
2022/2/5 10:00,Utah Jazz,Brooklyn Nets,1.46,2.86,HOME
2022/2/5 10:00,Denver Nuggets,New Orleans Pelicans,1.46,2.82,AWAY
2022/2/5 11:00,Portland Trail Blazers,Oklahoma City Thunder,1.41,3.03,AWAY
2022/2/5 11:00,Dallas Mavericks,Philadelphia 76ers,1.98,1.88,HOME
2022/2/6 06:00,Orlando Magic,Memphis Grizzlies,4.01,1.27,AWAY
2022/2/6 08:00,Washington Wizards,Phoenix Suns,3.82,1.29,AWAY
2022/2/6 08:00,Charlotte Hornets,Miami Heat,2.27,1.68,AWAY
2022/2/6 09:30,Los Angeles Lakers,New York Knicks,1.49,2.73,HOME
2022/2/6 11:00,Sacramento Kings,Oklahoma City Thunder,1.31,3.65,HOME
2022/2/6 11:00,Portland Trail Blazers,Milwaukee Bucks,5.1,1.19,AWAY
2022/2/7 04:30,Minnesota Timberwolves,Detroit Pistons,1.12,7.06,HOME
2022/2/7 04:30,Denver Nuggets,Brooklyn Nets,1.28,3.89,HOME
2022/2/7 04:30,Chicago Bulls,Philadelphia 76ers,2.42,1.6,AWAY
2022/2/7 07:00,Orlando Magic,Boston Celtics,4.59,1.22,AWAY
2022/2/7 07:00,Dallas Mavericks,Atlanta Hawks,1.93,1.92,HOME
2022/2/7 07:00,Cleveland Cavaliers,Indiana Pacers,1.37,3.18,HOME
2022/2/7 08:00,Houston Rockets,New Orleans Pelicans,3.1,1.4,AWAY
2022/2/7 10:00,Los Angeles Clippers,Milwaukee Bucks,2.65,1.51,AWAY
2022/2/8 08:00,Washington Wizards,Miami Heat,3.31,1.36,AWAY
2022/2/8 08:00,Charlotte Hornets,Toronto Raptors,1.97,1.88,AWAY
2022/2/8 09:00,Oklahoma City Thunder,Golden State Warriors,6.99,1.12,AWAY
2022/2/8 09:00,Chicago Bulls,Phoenix Suns,3.22,1.38,AWAY
2022/2/8 10:00,Utah Jazz,New York Knicks,1.36,3.31,HOME
2022/2/9 08:00,Philadelphia 76ers,Phoenix Suns,1.86,1.99,AWAY
2022/2/9 08:30,Brooklyn Nets,Boston Celtics,4.61,1.22,AWAY
2022/2/9 08:30,Atlanta Hawks,Indiana Pacers,1.11,7.16,HOME
2022/2/9 09:00,New Orleans Pelicans,Houston Rockets,1.25,4.15,HOME
2022/2/9 09:00,Memphis Grizzlies,Los Angeles Clippers,1.3,3.77,HOME
2022/2/9 09:30,Dallas Mavericks,Detroit Pistons,1.16,5.57,HOME
2022/2/9 10:00,Denver Nuggets,New York Knicks,1.24,4.26,HOME
2022/2/9 11:00,Sacramento Kings,Minnesota Timberwolves,3.42,1.34,AWAY
2022/2/9 11:00,Portland Trail Blazers,Orlando Magic,1.98,1.88,AWAY
2022/2/9 11:00,Los Angeles Lakers,Milwaukee Bucks,2.44,1.6,AWAY
2022/2/10 08:00,Cleveland Cavaliers,San Antonio Spurs,1.41,3.05,HOME
2022/2/10 08:30,Charlotte Hornets,Chicago Bulls,2.08,1.8,AWAY
2022/2/10 09:00,Oklahoma City Thunder,Toronto Raptors,5.15,1.19,AWAY
2022/2/10 11:00,Utah Jazz,Golden State Warriors,1.88,1.98,HOME
2022/2/10 11:00,Sacramento Kings,Minnesota Timberwolves,3.62,1.31,HOME
2022/2/10 11:00,Portland Trail Blazers,Los Angeles Lakers,4.52,1.22,HOME
2022/2/11 08:00,Detroit Pistons,Memphis Grizzlies,6.13,1.14,AWAY
2022/2/11 08:30,Washington Wizards,Brooklyn Nets,1.88,1.97,HOME
2022/2/11 08:30,New Orleans Pelicans,Miami Heat,2.45,1.59,AWAY
2022/2/11 09:00,Houston Rockets,Toronto Raptors,3.48,1.33,AWAY
2022/2/11 09:30,Dallas Mavericks,Los Angeles Clippers,1.41,3.05,HOME
2022/2/11 11:00,Phoenix Suns,Milwaukee Bucks,1.67,2.3,HOME
2022/2/11 11:00,Golden State Warriors,New York Knicks,1.24,4.35,AWAY
2022/2/12 08:00,Philadelphia 76ers,Oklahoma City Thunder,1.09,7.99,HOME
2022/2/12 08:00,Indiana Pacers,Cleveland Cavaliers,2.98,1.42,AWAY
2022/2/12 08:00,Detroit Pistons,Charlotte Hornets,3.05,1.41,AWAY
2022/2/12 08:30,Boston Celtics,Denver Nuggets,1.4,3.1,HOME
2022/2/12 08:30,Atlanta Hawks,San Antonio Spurs,1.24,4.34,AWAY
2022/2/12 09:00,Chicago Bulls,Minnesota Timberwolves,1.85,2.03,HOME
2022/2/12 10:00,Utah Jazz,Orlando Magic,1.13,6.58,HOME
2022/2/13 06:00,Portland Trail Blazers,New York Knicks,2.57,1.54,HOME
2022/2/13 08:00,Washington Wizards,Sacramento Kings,2.25,1.69,AWAY
2022/2/13 08:00,New Orleans Pelicans,San Antonio Spurs,1.42,3.01,AWAY
2022/2/13 08:00,Charlotte Hornets,Memphis Grizzlies,3.35,1.35,AWAY
2022/2/13 08:30,Toronto Raptors,Denver Nuggets,1.48,2.76,AWAY
2022/2/13 08:30,Philadelphia 76ers,Cleveland Cavaliers,1.69,2.24,HOME
2022/2/13 09:00,Miami Heat,Brooklyn Nets,1.15,5.92,HOME
2022/2/13 09:00,Chicago Bulls,Oklahoma City Thunder,1.18,5.36,HOME
2022/2/13 09:30,Golden State Warriors,Los Angeles Lakers,1.38,3.21,HOME
2022/2/13 09:30,Dallas Mavericks,Los Angeles Clippers,1.37,3.24,AWAY
2022/2/13 10:00,Phoenix Suns,Orlando Magic,1.05,11.52,HOME
2022/2/14 03:00,Boston Celtics,Atlanta Hawks,1.35,3.4,HOME
2022/2/14 04:00,Indiana Pacers,Minnesota Timberwolves,3.53,1.32,AWAY
2022/2/15 08:00,Washington Wizards,Detroit Pistons,1.63,2.36,HOME
2022/2/15 08:30,New York Knicks,Oklahoma City Thunder,1.19,5.01,AWAY
2022/2/15 08:30,Brooklyn Nets,Sacramento Kings,2.08,1.81,HOME
2022/2/15 09:00,New Orleans Pelicans,Toronto Raptors,2.38,1.62,HOME
2022/2/15 09:00,Milwaukee Bucks,Portland Trail Blazers,1.16,5.62,AWAY
2022/2/15 09:00,Chicago Bulls,San Antonio Spurs,1.67,2.28,HOME
2022/2/15 10:00,Utah Jazz,Houston Rockets,1.07,10.11,HOME
2022/2/15 10:00,Denver Nuggets,Orlando Magic,1.15,6.05,HOME
2022/2/15 11:30,Los Angeles Clippers,Golden State Warriors,3.04,1.41,HOME
2022/2/16 08:30,Philadelphia 76ers,Boston Celtics,2.09,1.79,AWAY
2022/2/16 08:30,Miami Heat,Dallas Mavericks,1.49,2.75,AWAY
2022/2/16 08:30,Atlanta Hawks,Cleveland Cavaliers,1.76,2.15,HOME
2022/2/16 09:00,New Orleans Pelicans,Memphis Grizzlies,2.34,1.63,AWAY
2022/2/16 09:00,Minnesota Timberwolves,Charlotte Hornets,1.41,3.02,HOME
2022/2/16 09:00,Milwaukee Bucks,Indiana Pacers,1.1,8.08,HOME
2022/2/16 11:00,Phoenix Suns,Los Angeles Clippers,1.11,7.2,HOME
2022/2/17 08:00,Orlando Magic,Atlanta Hawks,2.81,1.46,AWAY
2022/2/17 08:30,New York Knicks,Brooklyn Nets,1.53,2.62,AWAY
2022/2/17 08:30,Indiana Pacers,Washington Wizards,1.89,1.96,HOME
2022/2/17 08:30,Boston Celtics,Detroit Pistons,1.13,6.69,AWAY
2022/2/17 09:00,Oklahoma City Thunder,San Antonio Spurs,3.83,1.29,AWAY
2022/2/17 09:00,Minnesota Timberwolves,Toronto Raptors,1.92,1.94,AWAY
2022/2/17 09:00,Memphis Grizzlies,Portland Trail Blazers,1.13,6.71,AWAY
2022/2/17 09:00,Chicago Bulls,Sacramento Kings,1.44,2.9,HOME
2022/2/17 10:00,Phoenix Suns,Houston Rockets,1.05,11.73,HOME
2022/2/17 11:00,Los Angeles Lakers,Utah Jazz,2.49,1.58,HOME
2022/2/17 11:00,Golden State Warriors,Denver Nuggets,1.5,2.71,AWAY
2022/2/18 08:00,Charlotte Hornets,Miami Heat,2.5,1.57,AWAY
2022/2/18 08:30,Brooklyn Nets,Washington Wizards,1.52,2.64,AWAY
2022/2/18 09:00,New Orleans Pelicans,Dallas Mavericks,2.19,1.72,AWAY
2022/2/18 09:30,Milwaukee Bucks,Philadelphia 76ers,1.37,3.24,AWAY
2022/2/18 11:30,Los Angeles Clippers,Houston Rockets,1.19,5.12,HOME
2022/2/21 09:00,Team LeBron,Team Durant,1.43,2.83,HOME
2022/2/25 08:00,Detroit Pistons,Cleveland Cavaliers,2.89,1.44,HOME
2022/2/25 08:30,Brooklyn Nets,Boston Celtics,4.1,1.26,AWAY
2022/2/25 09:00,Oklahoma City Thunder,Phoenix Suns,5.26,1.18,AWAY
2022/2/25 09:00,Minnesota Timberwolves,Memphis Grizzlies,2.1,1.78,HOME
2022/2/25 09:00,Chicago Bulls,Atlanta Hawks,1.69,2.26,HOME
2022/2/25 11:00,Sacramento Kings,Denver Nuggets,2.5,1.57,AWAY
2022/2/25 11:00,Portland Trail Blazers,Golden State Warriors,5.04,1.19,AWAY
2022/2/26 08:00,Washington Wizards,San Antonio Spurs,2.41,1.61,AWAY
2022/2/26 08:00,Orlando Magic,Houston Rockets,1.63,2.35,HOME
2022/2/26 08:00,Indiana Pacers,Oklahoma City Thunder,1.31,3.68,AWAY
2022/2/26 08:00,Charlotte Hornets,Toronto Raptors,2.09,1.78,HOME
2022/2/26 08:30,New York Knicks,Miami Heat,2.9,1.44,AWAY
2022/2/26 09:00,Minnesota Timberwolves,Philadelphia 76ers,2.17,1.74,AWAY
2022/2/26 10:00,Utah Jazz,Dallas Mavericks,1.42,3.01,HOME
2022/2/26 10:00,Phoenix Suns,New Orleans Pelicans,1.41,3.05,AWAY
2022/2/26 11:00,Los Angeles Lakers,Los Angeles Clippers,1.67,2.28,AWAY
2022/2/27 01:00,Detroit Pistons,Boston Celtics,6.56,1.13,AWAY
2022/2/27 08:30,Atlanta Hawks,Toronto Raptors,1.58,2.49,HOME
2022/2/27 09:00,Miami Heat,San Antonio Spurs,1.11,7.13,HOME
2022/2/27 09:00,Cleveland Cavaliers,Washington Wizards,1.27,3.98,HOME
2022/2/27 09:00,Chicago Bulls,Memphis Grizzlies,2.13,1.76,AWAY
2022/2/27 09:30,Milwaukee Bucks,Brooklyn Nets,1.22,4.6,AWAY
2022/2/27 10:00,Denver Nuggets,Sacramento Kings,1.29,3.82,HOME
2022/2/28 02:00,New York Knicks,Philadelphia 76ers,3.69,1.31,AWAY
2022/2/28 04:30,Phoenix Suns,Utah Jazz,2.27,1.68,AWAY
2022/2/28 06:00,Indiana Pacers,Boston Celtics,4.36,1.24,HOME
2022/2/28 08:00,Houston Rockets,Los Angeles Clippers,3.25,1.37,AWAY
2022/2/28 08:00,Charlotte Hornets,Detroit Pistons,1.18,5.19,AWAY
2022/2/28 08:30,Golden State Warriors,Dallas Mavericks,1.61,2.42,AWAY
2022/2/28 10:00,Portland Trail Blazers,Denver Nuggets,3.81,1.29,AWAY
2022/2/28 11:00,Los Angeles Lakers,New Orleans Pelicans,1.73,2.17,AWAY
2022/3/1 08:00,Orlando Magic,Indiana Pacers,1.73,2.19,HOME
2022/3/1 08:00,Cleveland Cavaliers,Minnesota Timberwolves,2.38,1.62,AWAY
2022/3/1 08:30,Miami Heat,Chicago Bulls,1.53,2.62,HOME
2022/3/1 08:30,Brooklyn Nets,Toronto Raptors,2.31,1.66,AWAY
2022/3/1 09:00,Oklahoma City Thunder,Sacramento Kings,2.78,1.47,AWAY
2022/3/1 09:00,Milwaukee Bucks,Charlotte Hornets,1.19,5.05,HOME
2022/3/1 09:00,Memphis Grizzlies,San Antonio Spurs,1.27,4.01,HOME
2022/3/2 08:00,Washington Wizards,Detroit Pistons,1.64,2.34,HOME
2022/3/2 08:30,Toronto Raptors,Brooklyn Nets,1.31,3.67,HOME
2022/3/2 08:30,Boston Celtics,Atlanta Hawks,1.39,3.14,HOME
2022/3/2 09:00,Minnesota Timberwolves,Golden State Warriors,2.39,1.62,HOME
2022/3/2 09:00,Houston Rockets,Los Angeles Clippers,3.29,1.36,AWAY
2022/3/2 11:10,Los Angeles Lakers,Dallas Mavericks,2.6,1.53,AWAY
2022/3/3 08:00,Orlando Magic,Indiana Pacers,2.12,1.76,AWAY
2022/3/3 08:00,Cleveland Cavaliers,Charlotte Hornets,1.56,2.52,AWAY
2022/3/3 08:30,Philadelphia 76ers,New York Knicks,1.17,5.37,HOME
2022/3/3 09:00,New Orleans Pelicans,Sacramento Kings,1.41,3.04,HOME
2022/3/3 09:00,Milwaukee Bucks,Miami Heat,1.56,2.54,HOME
2022/3/3 09:00,Houston Rockets,Utah Jazz,9.35,1.07,AWAY
2022/3/3 10:00,Denver Nuggets,Oklahoma City Thunder,1.07,9.9,AWAY
2022/3/3 11:00,Phoenix Suns,Portland Trail Blazers,1.16,5.69,HOME
2022/3/4 08:00,Atlanta Hawks,Chicago Bulls,1.8,2.07,HOME
2022/3/4 08:30,Toronto Raptors,Detroit Pistons,1.28,3.87,AWAY
2022/3/4 08:30,Brooklyn Nets,Miami Heat,1.67,2.29,AWAY
2022/3/4 08:30,Boston Celtics,Memphis Grizzlies,1.79,2.1,HOME
2022/3/4 09:30,San Antonio Spurs,Sacramento Kings,1.39,3.14,AWAY
2022/3/4 09:30,Dallas Mavericks,Golden State Warriors,1.85,2.02,HOME
2022/3/4 11:00,Los Angeles Clippers,Los Angeles Lakers,1.78,2.11,HOME
2022/3/5 08:00,Washington Wizards,Atlanta Hawks,2.88,1.45,AWAY
2022/3/5 08:00,Philadelphia 76ers,Cleveland Cavaliers,1.3,3.71,HOME
2022/3/5 08:00,Detroit Pistons,Indiana Pacers,2.24,1.69,HOME
2022/3/5 08:30,Toronto Raptors,Orlando Magic,1.31,3.6,AWAY
2022/3/5 08:30,Chicago Bulls,Milwaukee Bucks,2.71,1.5,AWAY
2022/3/5 09:00,Oklahoma City Thunder,Minnesota Timberwolves,4.73,1.21,AWAY
2022/3/5 09:00,New Orleans Pelicans,Utah Jazz,2.66,1.52,HOME
2022/3/5 10:00,Denver Nuggets,Houston Rockets,1.24,4.28,HOME
2022/3/5 11:00,Phoenix Suns,New York Knicks,1.41,3.07,HOME
2022/3/6 06:00,Dallas Mavericks,Sacramento Kings,1.53,2.61,HOME
2022/3/6 08:00,Charlotte Hornets,San Antonio Spurs,1.6,2.44,HOME
2022/3/6 09:00,Minnesota Timberwolves,Portland Trail Blazers,1.09,8.24,HOME
2022/3/6 09:00,Miami Heat,Philadelphia 76ers,1.47,2.83,HOME
2022/3/6 09:00,Memphis Grizzlies,Orlando Magic,1.06,10.62,HOME
2022/3/6 09:30,Los Angeles Lakers,Golden State Warriors,2.9,1.44,HOME
2022/3/7 02:00,Boston Celtics,Brooklyn Nets,1.45,2.91,HOME
2022/3/7 04:30,Milwaukee Bucks,Phoenix Suns,1.24,4.41,HOME
2022/3/7 07:00,Washington Wizards,Indiana Pacers,1.75,2.14,HOME
2022/3/7 08:00,Oklahoma City Thunder,Utah Jazz,7.98,1.1,AWAY
2022/3/7 08:00,Houston Rockets,Memphis Grizzlies,5.35,1.17,HOME
2022/3/7 08:30,Cleveland Cavaliers,Toronto Raptors,1.52,2.62,HOME
2022/3/7 09:00,Denver Nuggets,New Orleans Pelicans,1.55,2.54,HOME
2022/3/7 11:00,Los Angeles Clippers,New York Knicks,1.45,2.89,AWAY
2022/3/8 08:00,Philadelphia 76ers,Chicago Bulls,1.31,3.71,HOME
2022/3/8 08:00,Detroit Pistons,Atlanta Hawks,3.56,1.32,HOME
2022/3/8 08:30,Miami Heat,Houston Rockets,1.05,11.35,HOME
2022/3/8 09:00,Minnesota Timberwolves,Portland Trail Blazers,1.1,7.67,HOME
2022/3/8 09:30,San Antonio Spurs,Los Angeles Lakers,1.39,3.17,HOME
2022/3/8 09:30,Dallas Mavericks,Utah Jazz,1.96,1.88,HOME
2022/3/8 10:00,Denver Nuggets,Golden State Warriors,1.29,3.82,HOME
2022/3/8 11:30,Sacramento Kings,New York Knicks,1.56,2.51,AWAY
2022/3/9 08:00,Orlando Magic,Phoenix Suns,3,1.42,AWAY
2022/3/9 08:00,Indiana Pacers,Cleveland Cavaliers,2.2,1.71,AWAY
2022/3/9 08:00,Charlotte Hornets,Brooklyn Nets,2.6,1.53,AWAY
2022/3/9 08:30,Memphis Grizzlies,New Orleans Pelicans,1.29,3.78,HOME
2022/3/9 09:00,Oklahoma City Thunder,Milwaukee Bucks,7.79,1.1,AWAY
2022/3/9 11:00,Golden State Warriors,Los Angeles Clippers,1.42,2.98,HOME
2022/3/10 08:00,Detroit Pistons,Chicago Bulls,3.19,1.38,AWAY
2022/3/10 08:00,Charlotte Hornets,Boston Celtics,3.26,1.36,AWAY
2022/3/10 08:30,Miami Heat,Phoenix Suns,1.58,2.47,AWAY
2022/3/10 09:00,New Orleans Pelicans,Orlando Magic,1.27,3.97,AWAY
2022/3/10 09:00,Minnesota Timberwolves,Oklahoma City Thunder,1.07,9.59,HOME
2022/3/10 09:00,Milwaukee Bucks,Atlanta Hawks,1.52,2.65,HOME
2022/3/10 09:00,Houston Rockets,Los Angeles Lakers,3.53,1.32,HOME
2022/3/10 09:30,San Antonio Spurs,Toronto Raptors,1.99,1.87,AWAY
2022/3/10 09:30,Dallas Mavericks,New York Knicks,1.25,4.16,AWAY
2022/3/10 11:00,Utah Jazz,Portland Trail Blazers,1.03,16.02,HOME
2022/3/10 11:00,Sacramento Kings,Denver Nuggets,3.18,1.38,AWAY
2022/3/10 11:30,Los Angeles Clippers,Washington Wizards,1.61,2.4,HOME
2022/3/11 08:30,Philadelphia 76ers,Brooklyn Nets,1.59,2.47,AWAY
2022/3/11 11:00,Denver Nuggets,Golden State Warriors,2.04,1.84,AWAY
2022/3/12 08:00,Orlando Magic,Minnesota Timberwolves,4.08,1.26,HOME
2022/3/12 08:30,Boston Celtics,Detroit Pistons,1.09,8.3,HOME
2022/3/12 08:30,Atlanta Hawks,Los Angeles Clippers,1.33,3.47,HOME
2022/3/12 09:00,New Orleans Pelicans,Charlotte Hornets,2.35,1.64,AWAY
2022/3/12 09:00,Miami Heat,Cleveland Cavaliers,1.29,3.87,HOME
2022/3/12 09:00,Memphis Grizzlies,New York Knicks,1.24,4.35,HOME
2022/3/12 09:00,Houston Rockets,Dallas Mavericks,5.35,1.17,AWAY
2022/3/12 09:30,San Antonio Spurs,Utah Jazz,2.85,1.46,HOME
2022/3/12 10:00,Phoenix Suns,Toronto Raptors,1.5,2.68,AWAY
2022/3/12 11:30,Los Angeles Lakers,Washington Wizards,1.54,2.59,HOME
2022/3/13 09:00,San Antonio Spurs,Indiana Pacers,1.82,2.05,AWAY
2022/3/13 09:00,Miami Heat,Minnesota Timberwolves,1.62,2.38,AWAY
2022/3/13 09:00,Chicago Bulls,Cleveland Cavaliers,1.51,2.68,HOME
2022/3/13 09:30,Golden State Warriors,Milwaukee Bucks,2.17,1.74,HOME
2022/3/13 10:00,Utah Jazz,Sacramento Kings,1.24,4.37,HOME
2022/3/13 10:00,Denver Nuggets,Toronto Raptors,1.36,3.33,AWAY
2022/3/13 11:00,Portland Trail Blazers,Washington Wizards,3.15,1.38,HOME
2022/3/14 01:00,Brooklyn Nets,New York Knicks,1.45,2.88,HOME
2022/3/14 03:00,Detroit Pistons,Los Angeles Clippers,2.57,1.55,AWAY
2022/3/14 03:30,Boston Celtics,Dallas Mavericks,1.37,3.27,AWAY
2022/3/14 06:00,Orlando Magic,Philadelphia 76ers,5.75,1.16,AWAY
2022/3/14 07:00,Oklahoma City Thunder,Memphis Grizzlies,8.95,1.08,AWAY
2022/3/14 07:00,New Orleans Pelicans,Houston Rockets,1.38,3.2,HOME
2022/3/14 07:00,Atlanta Hawks,Indiana Pacers,1.13,6.53,HOME
2022/3/14 09:00,Phoenix Suns,Los Angeles Lakers,1.34,3.47,HOME
2022/3/15 07:00,Cleveland Cavaliers,Los Angeles Clippers,1.34,3.43,HOME
2022/3/15 07:30,Philadelphia 76ers,Denver Nuggets,1.62,2.4,AWAY
2022/3/15 07:30,Atlanta Hawks,Portland Trail Blazers,1.09,8.26,HOME
2022/3/15 08:00,Oklahoma City Thunder,Charlotte Hornets,5.72,1.16,AWAY
2022/3/15 08:30,San Antonio Spurs,Minnesota Timberwolves,2.4,1.61,AWAY
2022/3/15 10:00,Utah Jazz,Milwaukee Bucks,1.77,2.14,AWAY
2022/3/15 10:00,Sacramento Kings,Chicago Bulls,2.58,1.54,HOME
2022/3/15 10:00,Golden State Warriors,Washington Wizards,1.14,6.08,HOME
2022/3/15 10:30,Los Angeles Lakers,Toronto Raptors,2.6,1.53,AWAY
2022/3/16 07:00,Orlando Magic,Brooklyn Nets,4.79,1.21,AWAY
2022/3/16 07:00,Indiana Pacers,Memphis Grizzlies,3.1,1.4,AWAY
2022/3/16 07:30,Miami Heat,Detroit Pistons,1.08,8.54,HOME
2022/3/16 08:00,New Orleans Pelicans,Phoenix Suns,2.59,1.54,AWAY
2022/3/17 07:00,Washington Wizards,Denver Nuggets,3.17,1.38,AWAY
2022/3/17 07:00,Cleveland Cavaliers,Philadelphia 76ers,2.44,1.59,AWAY
2022/3/17 07:00,Charlotte Hornets,Atlanta Hawks,1.91,1.95,HOME
2022/3/17 07:30,New York Knicks,Portland Trail Blazers,1.12,6.88,HOME
2022/3/17 07:30,Brooklyn Nets,Dallas Mavericks,2.24,1.7,AWAY
2022/3/17 08:00,Minnesota Timberwolves,Los Angeles Lakers,1.27,4.03,HOME
2022/3/17 08:00,Houston Rockets,Phoenix Suns,4.93,1.2,AWAY
2022/3/17 08:30,San Antonio Spurs,Oklahoma City Thunder,1.14,6.1,HOME
2022/3/17 09:00,Utah Jazz,Chicago Bulls,1.37,3.26,HOME
2022/3/17 10:00,Sacramento Kings,Milwaukee Bucks,4.11,1.26,AWAY
2022/3/17 10:00,Golden State Warriors,Boston Celtics,1.81,2.05,AWAY
2022/3/17 10:30,Los Angeles Clippers,Toronto Raptors,2.16,1.74,AWAY
2022/3/18 07:00,Orlando Magic,Detroit Pistons,1.68,2.27,AWAY
2022/3/19 07:00,Philadelphia 76ers,Dallas Mavericks,1.59,2.47,HOME
2022/3/19 07:30,Toronto Raptors,Los Angeles Lakers,1.28,3.9,AWAY
2022/3/19 07:30,New York Knicks,Washington Wizards,1.41,3.03,HOME
2022/3/19 07:30,Cleveland Cavaliers,Denver Nuggets,2.22,1.7,HOME
2022/3/19 07:30,Brooklyn Nets,Portland Trail Blazers,1.07,9.25,HOME
2022/3/19 07:30,Atlanta Hawks,Memphis Grizzlies,3.18,1.38,HOME
2022/3/19 08:00,Miami Heat,Oklahoma City Thunder,1.08,9.16,HOME
2022/3/19 08:00,Houston Rockets,Indiana Pacers,2.5,1.57,AWAY
2022/3/19 08:30,San Antonio Spurs,New Orleans Pelicans,1.83,2.03,AWAY
2022/3/19 09:00,Utah Jazz,Los Angeles Clippers,1.47,2.8,HOME
2022/3/19 10:00,Sacramento Kings,Boston Celtics,5.09,1.19,AWAY
2022/3/19 10:00,Phoenix Suns,Chicago Bulls,1.52,2.63,HOME
2022/3/20 05:00,Minnesota Timberwolves,Milwaukee Bucks,1.69,2.26,HOME
2022/3/20 07:00,Charlotte Hornets,Dallas Mavericks,1.72,2.19,HOME
2022/3/20 08:00,Washington Wizards,Los Angeles Lakers,2.11,1.78,HOME
2022/3/20 08:00,Cleveland Cavaliers,Detroit Pistons,1.42,2.97,HOME
2022/3/21 03:30,Indiana Pacers,Portland Trail Blazers,1.34,3.41,HOME
2022/3/21 03:30,Houston Rockets,Memphis Grizzlies,6.59,1.13,AWAY
2022/3/21 06:00,Sacramento Kings,Phoenix Suns,3.7,1.3,AWAY
2022/3/21 06:00,Orlando Magic,Oklahoma City Thunder,1.28,3.86,HOME
2022/3/21 06:00,Atlanta Hawks,New Orleans Pelicans,1.49,2.73,AWAY
2022/3/21 07:30,New York Knicks,Utah Jazz,2.37,1.63,AWAY
2022/3/21 08:00,Denver Nuggets,Boston Celtics,2.26,1.69,AWAY
2022/3/21 08:30,Philadelphia 76ers,Toronto Raptors,1.31,3.66,AWAY
2022/3/21 08:30,Golden State Warriors,San Antonio Spurs,1.39,3.14,AWAY
2022/3/22 07:00,Detroit Pistons,Portland Trail Blazers,1.23,4.44,AWAY
2022/3/22 07:00,Cleveland Cavaliers,Los Angeles Lakers,1.52,2.64,AWAY
2022/3/22 07:00,Charlotte Hornets,New Orleans Pelicans,1.46,2.82,HOME
2022/3/22 07:30,Philadelphia 76ers,Miami Heat,3.78,1.3,HOME
2022/3/22 07:30,Brooklyn Nets,Utah Jazz,2.13,1.77,HOME
2022/3/22 08:00,Oklahoma City Thunder,Boston Celtics,7.52,1.11,AWAY
2022/3/22 08:00,Houston Rockets,Washington Wizards,2.38,1.62,HOME
2022/3/22 08:00,Chicago Bulls,Toronto Raptors,1.6,2.42,HOME
2022/3/22 08:30,Dallas Mavericks,Minnesota Timberwolves,1.86,2.01,HOME
2022/3/23 07:00,Orlando Magic,Golden State Warriors,3.58,1.32,HOME
2022/3/23 07:30,New York Knicks,Atlanta Hawks,2.42,1.6,AWAY
2022/3/23 08:00,Milwaukee Bucks,Chicago Bulls,1.39,3.16,HOME
2022/3/23 10:00,Denver Nuggets,Los Angeles Clippers,1.38,3.17,HOME
2022/3/24 07:00,Indiana Pacers,Sacramento Kings,1.42,2.98,AWAY
2022/3/24 07:00,Detroit Pistons,Atlanta Hawks,2.68,1.51,HOME
2022/3/24 07:00,Charlotte Hornets,New York Knicks,1.28,3.84,AWAY
2022/3/24 07:30,Miami Heat,Golden State Warriors,1.21,4.77,AWAY
2022/3/24 07:30,Memphis Grizzlies,Brooklyn Nets,1.92,1.94,HOME
2022/3/24 07:30,Boston Celtics,Utah Jazz,1.53,2.61,HOME
2022/3/24 08:00,Oklahoma City Thunder,Orlando Magic,2.11,1.78,HOME
2022/3/24 08:00,Minnesota Timberwolves,Phoenix Suns,1.81,2.07,AWAY
2022/3/24 08:30,Dallas Mavericks,Houston Rockets,1.2,4.96,HOME
2022/3/24 10:00,Portland Trail Blazers,San Antonio Spurs,4.54,1.22,AWAY
2022/3/24 10:00,Los Angeles Lakers,Philadelphia 76ers,4.59,1.22,AWAY
2022/3/25 07:30,Toronto Raptors,Cleveland Cavaliers,1.47,2.79,HOME
2022/3/25 08:00,New Orleans Pelicans,Chicago Bulls,1.66,2.3,HOME
2022/3/25 08:00,Milwaukee Bucks,Washington Wizards,1.26,4.09,HOME
2022/3/25 08:00,Memphis Grizzlies,Indiana Pacers,1.15,5.78,HOME
2022/3/25 09:00,Denver Nuggets,Phoenix Suns,1.87,2,AWAY
2022/3/26 07:00,Detroit Pistons,Washington Wizards,1.58,2.49,AWAY
2022/3/26 07:00,Charlotte Hornets,Utah Jazz,2.44,1.59,HOME
2022/3/26 07:30,Atlanta Hawks,Golden State Warriors,1.76,2.14,HOME
2022/3/26 08:00,Minnesota Timberwolves,Dallas Mavericks,1.58,2.48,HOME
2022/3/26 08:00,Miami Heat,New York Knicks,1.22,4.59,AWAY
2022/3/26 10:00,Portland Trail Blazers,Houston Rockets,2.56,1.55,AWAY
2022/3/26 10:30,Los Angeles Clippers,Philadelphia 76ers,2.81,1.47,AWAY
2022/3/27 05:00,New Orleans Pelicans,San Antonio Spurs,1.42,3.01,AWAY
2022/3/27 07:00,Orlando Magic,Sacramento Kings,1.73,2.18,AWAY
2022/3/27 07:30,Toronto Raptors,Indiana Pacers,1.14,6.3,HOME
2022/3/27 08:00,Miami Heat,Brooklyn Nets,2.19,1.72,AWAY
2022/3/27 08:00,Memphis Grizzlies,Milwaukee Bucks,1.92,1.94,HOME
2022/3/27 08:00,Cleveland Cavaliers,Chicago Bulls,1.79,2.09,AWAY
2022/3/27 09:00,Denver Nuggets,Oklahoma City Thunder,1.05,12.19,HOME
2022/3/27 10:00,Portland Trail Blazers,Houston Rockets,2.53,1.56,AWAY
2022/3/28 03:30,Detroit Pistons,New York Knicks,2.62,1.53,AWAY
2022/3/28 06:00,Washington Wizards,Golden State Warriors,3.34,1.36,HOME
2022/3/28 06:00,Phoenix Suns,Philadelphia 76ers,1.51,2.71,HOME
2022/3/28 06:00,Boston Celtics,Minnesota Timberwolves,1.44,3.06,HOME
2022/3/28 07:00,New Orleans Pelicans,Los Angeles Lakers,1.65,2.31,HOME
2022/3/28 07:30,Dallas Mavericks,Utah Jazz,1.74,2.18,HOME
2022/3/28 07:30,Brooklyn Nets,Charlotte Hornets,1.36,3.3,AWAY
2022/3/29 07:00,Indiana Pacers,Atlanta Hawks,3.76,1.3,AWAY
2022/3/29 07:00,Cleveland Cavaliers,Orlando Magic,1.26,4.07,HOME
2022/3/29 07:00,Charlotte Hornets,Denver Nuggets,2.34,1.65,AWAY
2022/3/29 07:30,Toronto Raptors,Boston Celtics,1.27,3.97,HOME
2022/3/29 07:30,New York Knicks,Chicago Bulls,2.41,1.61,HOME
2022/3/29 07:30,Miami Heat,Sacramento Kings,1.09,8.33,HOME
2022/3/29 08:00,Memphis Grizzlies,Golden State Warriors,1.21,4.84,HOME
2022/3/29 08:00,Houston Rockets,San Antonio Spurs,4.55,1.22,AWAY
2022/3/29 10:00,Portland Trail Blazers,Oklahoma City Thunder,1.88,1.99,AWAY
2022/3/30 07:00,Washington Wizards,Chicago Bulls,2.52,1.56,AWAY
2022/3/30 07:00,Philadelphia 76ers,Milwaukee Bucks,1.95,1.91,AWAY
2022/3/30 07:30,Dallas Mavericks,Los Angeles Lakers,1.13,6.38,HOME
2022/3/30 07:30,Brooklyn Nets,Detroit Pistons,1.09,8.28,HOME
2022/3/30 10:00,Los Angeles Clippers,Utah Jazz,2.16,1.74,HOME
2022/3/31 07:00,Washington Wizards,Orlando Magic,1.6,2.43,HOME
2022/3/31 07:00,Indiana Pacers,Denver Nuggets,4.88,1.2,AWAY
2022/3/31 07:00,Cleveland Cavaliers,Dallas Mavericks,2.09,1.79,AWAY
2022/3/31 07:30,Toronto Raptors,Minnesota Timberwolves,1.71,2.21,HOME
2022/3/31 07:30,New York Knicks,Charlotte Hornets,2.21,1.71,AWAY
2022/3/31 07:30,Boston Celtics,Miami Heat,1.5,2.72,AWAY
2022/3/31 08:00,Oklahoma City Thunder,Atlanta Hawks,7.52,1.11,AWAY
2022/3/31 08:00,Houston Rockets,Sacramento Kings,2.27,1.68,AWAY
2022/3/31 08:30,San Antonio Spurs,Memphis Grizzlies,2.72,1.49,AWAY
2022/3/31 10:00,Portland Trail Blazers,New Orleans Pelicans,9.44,1.07,AWAY
2022/3/31 10:00,Golden State Warriors,Phoenix Suns,2.69,1.51,AWAY
2022/4/1 07:00,Detroit Pistons,Philadelphia 76ers,4.8,1.2,HOME
2022/4/1 07:30,Brooklyn Nets,Milwaukee Bucks,1.79,2.11,AWAY
2022/4/1 07:30,Atlanta Hawks,Cleveland Cavaliers,1.4,3.11,HOME
2022/4/1 08:00,Chicago Bulls,Los Angeles Clippers,1.73,2.19,HOME
2022/4/1 10:00,Utah Jazz,Los Angeles Lakers,1.1,8.05,HOME
2022/4/2 07:00,Washington Wizards,Dallas Mavericks,3.63,1.31,HOME
2022/4/2 07:00,Orlando Magic,Toronto Raptors,5.86,1.15,AWAY
2022/4/2 07:30,Boston Celtics,Indiana Pacers,1.07,9.95,HOME
2022/4/2 08:00,Oklahoma City Thunder,Detroit Pistons,2.53,1.56,AWAY
2022/4/2 08:00,Milwaukee Bucks,Los Angeles Clippers,1.63,2.36,AWAY
2022/4/2 08:00,Memphis Grizzlies,Phoenix Suns,3.64,1.32,HOME
2022/4/2 08:00,Houston Rockets,Sacramento Kings,2.31,1.66,AWAY
2022/4/2 08:30,San Antonio Spurs,Portland Trail Blazers,1.09,8.46,HOME
2022/4/2 09:00,Denver Nuggets,Minnesota Timberwolves,1.67,2.3,AWAY
2022/4/2 10:30,Los Angeles Lakers,New Orleans Pelicans,1.77,2.12,AWAY
2022/4/3 00:30,Philadelphia 76ers,Charlotte Hornets,1.44,2.87,HOME
2022/4/3 01:00,New York Knicks,Cleveland Cavaliers,1.8,2.07,AWAY
2022/4/3 07:30,Atlanta Hawks,Brooklyn Nets,2.11,1.78,HOME
2022/4/3 08:00,Chicago Bulls,Miami Heat,2.21,1.71,AWAY
2022/4/3 08:30,Golden State Warriors,Utah Jazz,2.18,1.73,HOME
2022/4/4 01:00,Milwaukee Bucks,Dallas Mavericks,1.37,3.23,AWAY
2022/4/4 01:00,Boston Celtics,Washington Wizards,1.1,7.61,HOME
2022/4/4 03:30,Los Angeles Lakers,Denver Nuggets,2.85,1.44,AWAY
2022/4/4 05:00,Indiana Pacers,Detroit Pistons,1.53,2.62,AWAY
2022/4/4 06:00,Orlando Magic,New York Knicks,2.76,1.48,AWAY
2022/4/4 06:00,Cleveland Cavaliers,Philadelphia 76ers,2.77,1.48,AWAY
2022/4/4 07:00,Toronto Raptors,Miami Heat,1.52,2.65,AWAY
2022/4/4 07:00,San Antonio Spurs,Portland Trail Blazers,1.09,8.32,HOME
2022/4/4 07:00,Oklahoma City Thunder,Phoenix Suns,9.24,1.08,HOME
2022/4/4 07:00,Houston Rockets,Minnesota Timberwolves,7.84,1.1,AWAY
2022/4/4 09:00,Sacramento Kings,Golden State Warriors,2.61,1.53,AWAY
2022/4/4 09:30,Los Angeles Clippers,New Orleans Pelicans,1.78,2.1,HOME
2022/4/6 07:00,Orlando Magic,Cleveland Cavaliers,3.81,1.29,HOME
2022/4/6 07:00,Indiana Pacers,Philadelphia 76ers,5.98,1.15,AWAY
2022/4/6 07:30,Toronto Raptors,Atlanta Hawks,1.56,2.54,HOME
2022/4/6 07:30,Miami Heat,Charlotte Hornets,1.54,2.59,HOME
2022/4/6 07:30,Brooklyn Nets,Houston Rockets,1.05,11.56,HOME
2022/4/6 08:00,Oklahoma City Thunder,Portland Trail Blazers,1.62,2.38,HOME
2022/4/6 08:00,Minnesota Timberwolves,Washington Wizards,1.13,6.41,AWAY
2022/4/6 08:00,Chicago Bulls,Milwaukee Bucks,3.22,1.38,AWAY
2022/4/6 09:00,Utah Jazz,Memphis Grizzlies,1.41,3.05,HOME
2022/4/6 09:00,Denver Nuggets,San Antonio Spurs,1.26,4.12,AWAY
2022/4/6 10:00,Sacramento Kings,New Orleans Pelicans,3.68,1.31,AWAY
2022/4/6 10:30,Phoenix Suns,Los Angeles Lakers,1.12,6.98,HOME
2022/4/7 07:00,Detroit Pistons,Dallas Mavericks,4.22,1.25,AWAY
2022/4/7 07:30,New York Knicks,Brooklyn Nets,3.34,1.36,AWAY
2022/4/7 08:00,Chicago Bulls,Boston Celtics,3.55,1.33,AWAY
2022/4/7 08:00,Atlanta Hawks,Washington Wizards,1.18,5.16,HOME
2022/4/7 09:00,Utah Jazz,Oklahoma City Thunder,1.08,9.24,HOME
2022/4/7 10:00,Los Angeles Clippers,Phoenix Suns,1.33,3.45,HOME
2022/4/8 07:00,Charlotte Hornets,Orlando Magic,1.08,8.72,HOME
2022/4/8 07:30,Toronto Raptors,Philadelphia 76ers,2.33,1.65,HOME
2022/4/8 07:30,Milwaukee Bucks,Boston Celtics,1.28,3.93,HOME
2022/4/8 08:00,New Orleans Pelicans,Portland Trail Blazers,1.05,11.73,HOME
2022/4/8 08:00,Minnesota Timberwolves,San Antonio Spurs,1.35,3.35,HOME
2022/4/8 09:00,Denver Nuggets,Memphis Grizzlies,1.56,2.53,HOME
2022/4/8 10:00,Golden State Warriors,Los Angeles Lakers,1.09,8.47,HOME
2022/4/9 07:00,Washington Wizards,New York Knicks,2.36,1.63,AWAY
2022/4/9 07:00,Detroit Pistons,Milwaukee Bucks,4.99,1.2,AWAY
2022/4/9 07:30,Toronto Raptors,Houston Rockets,1.13,6.4,HOME
2022/4/9 07:30,Brooklyn Nets,Cleveland Cavaliers,1.28,3.89,HOME
2022/4/9 08:00,Miami Heat,Atlanta Hawks,1.83,2.04,HOME
2022/4/9 08:00,Chicago Bulls,Charlotte Hornets,1.73,2.18,AWAY
2022/4/9 08:30,Dallas Mavericks,Portland Trail Blazers,1.03,16.16,HOME
2022/4/9 09:30,Utah Jazz,Phoenix Suns,1.67,2.3,AWAY
2022/4/9 10:30,Los Angeles Lakers,Oklahoma City Thunder,1.42,2.98,HOME
2022/4/10 01:00,Philadelphia 76ers,Indiana Pacers,1.08,8.71,HOME
2022/4/10 06:00,Memphis Grizzlies,New Orleans Pelicans,1.32,3.53,HOME
2022/4/10 08:30,San Antonio Spurs,Golden State Warriors,3.39,1.35,AWAY
2022/4/10 09:30,Los Angeles Clippers,Sacramento Kings,1.13,6.59,HOME
2022/4/11 03:30,Charlotte Hornets,Washington Wizards,1.12,6.8,HOME
2022/4/11 03:30,Brooklyn Nets,Indiana Pacers,1.05,11.67,HOME
2022/4/11 03:30,Houston Rockets,Atlanta Hawks,6.3,1.13,AWAY
2022/4/11 03:30,Cleveland Cavaliers,Milwaukee Bucks,1.26,4.13,HOME
2022/4/11 07:00,Philadelphia 76ers,Detroit Pistons,1.37,3.24,HOME
2022/4/11 07:00,Orlando Magic,Miami Heat,3.41,1.34,HOME
2022/4/11 07:00,New York Knicks,Toronto Raptors,1.96,1.89,HOME
2022/4/11 07:00,Memphis Grizzlies,Boston Celtics,4.1,1.26,AWAY
2022/4/11 08:30,Minnesota Timberwolves,Chicago Bulls,1.33,3.48,AWAY
2022/4/11 09:30,Portland Trail Blazers,Utah Jazz,10.87,1.06,AWAY
2022/4/11 09:30,Phoenix Suns,Sacramento Kings,1.18,5.2,AWAY
2022/4/11 09:30,New Orleans Pelicans,Golden State Warriors,3.23,1.37,AWAY
2022/4/11 09:30,Los Angeles Clippers,Oklahoma City Thunder,1.14,6.15,HOME
2022/4/11 09:30,Denver Nuggets,Los Angeles Lakers,1.42,3.03,AWAY
2022/4/11 09:30,Dallas Mavericks,San Antonio Spurs,1.18,5.22,HOME
2022/4/13 07:00,Brooklyn Nets,Cleveland Cavaliers,1.22,4.7,HOME
2022/4/13 09:30,Minnesota Timberwolves,Los Angeles Clippers,1.66,2.31,HOME
2022/4/14 07:00,Atlanta Hawks,Charlotte Hornets,1.47,2.82,HOME
2022/4/14 09:30,New Orleans Pelicans,San Antonio Spurs,1.48,2.78,HOME
2022/4/16 07:30,Cleveland Cavaliers,Atlanta Hawks,2.15,1.76,AWAY
2022/4/16 10:00,Los Angeles Clippers,New Orleans Pelicans,2.04,1.83,AWAY
2022/4/17 01:00,Dallas Mavericks,Utah Jazz,2.88,1.45,AWAY
2022/4/17 03:30,Memphis Grizzlies,Minnesota Timberwolves,1.4,3.13,AWAY
2022/4/17 06:00,Philadelphia 76ers,Toronto Raptors,1.53,2.64,HOME
2022/4/17 08:30,Golden State Warriors,Denver Nuggets,1.39,3.15,HOME
2022/4/18 01:00,Miami Heat,Atlanta Hawks,1.36,3.31,HOME
2022/4/18 03:30,Boston Celtics,Brooklyn Nets,1.56,2.54,HOME
2022/4/18 06:30,Milwaukee Bucks,Chicago Bulls,1.18,5.17,HOME
2022/4/18 09:00,Phoenix Suns,New Orleans Pelicans,1.2,4.93,HOME
2022/4/19 07:30,Philadelphia 76ers,Toronto Raptors,1.33,3.51,HOME
2022/4/19 08:30,Dallas Mavericks,Utah Jazz,2.77,1.48,HOME
2022/4/19 10:00,Golden State Warriors,Denver Nuggets,1.34,3.46,HOME
2022/4/20 07:30,Miami Heat,Atlanta Hawks,1.31,3.65,HOME
2022/4/20 08:40,Memphis Grizzlies,Minnesota Timberwolves,1.34,3.48,HOME
2022/4/20 10:00,Phoenix Suns,New Orleans Pelicans,1.2,4.94,AWAY
2022/4/21 07:00,Boston Celtics,Brooklyn Nets,1.65,2.33,HOME
2022/4/21 08:00,Toronto Raptors,Philadelphia 76ers,2.1,1.78,AWAY
2022/4/21 09:30,Milwaukee Bucks,Chicago Bulls,1.21,4.8,AWAY
2022/4/22 07:30,Minnesota Timberwolves,Memphis Grizzlies,2.18,1.74,AWAY
2022/4/22 09:00,Utah Jazz,Dallas Mavericks,1.25,4.23,AWAY
2022/4/22 10:00,Denver Nuggets,Golden State Warriors,2.17,1.74,AWAY
2022/4/23 07:00,Atlanta Hawks,Miami Heat,2.08,1.81,HOME
2022/4/23 08:30,Chicago Bulls,Milwaukee Bucks,2.25,1.69,AWAY
2022/4/23 09:30,New Orleans Pelicans,Phoenix Suns,2.18,1.73,AWAY
2022/4/24 02:00,Toronto Raptors,Philadelphia 76ers,2.23,1.7,HOME
2022/4/24 04:30,Utah Jazz,Dallas Mavericks,1.43,2.95,HOME
2022/4/24 07:30,Brooklyn Nets,Boston Celtics,1.58,2.46,AWAY
2022/4/24 10:00,Minnesota Timberwolves,Memphis Grizzlies,2.15,1.75,HOME
2022/4/25 01:00,Chicago Bulls,Milwaukee Bucks,2.6,1.54,AWAY
2022/4/25 03:30,Denver Nuggets,Golden State Warriors,2.66,1.51,HOME
2022/4/25 07:00,Atlanta Hawks,Miami Heat,2.02,1.85,AWAY
2022/4/25 09:30,New Orleans Pelicans,Phoenix Suns,2.15,1.75,HOME
2022/4/26 07:00,Brooklyn Nets,Boston Celtics,1.83,2.04,AWAY
2022/4/26 08:00,Philadelphia 76ers,Toronto Raptors,1.27,3.98,AWAY
2022/4/26 09:30,Dallas Mavericks,Utah Jazz,1.66,2.31,HOME
2022/4/27 07:00,Miami Heat,Atlanta Hawks,1.54,2.6,HOME
2022/4/27 07:30,Memphis Grizzlies,Minnesota Timberwolves,1.38,3.19,HOME
2022/4/27 10:00,Phoenix Suns,New Orleans Pelicans,1.39,3.16,HOME
2022/4/28 07:30,Milwaukee Bucks,Chicago Bulls,1.11,7.33,HOME
2022/4/28 10:00,Golden State Warriors,Denver Nuggets,1.24,4.37,HOME
2022/4/29 07:00,Toronto Raptors,Philadelphia 76ers,1.95,1.91,AWAY
2022/4/29 07:30,New Orleans Pelicans,Phoenix Suns,2.34,1.65,AWAY
2022/4/29 10:00,Utah Jazz,Dallas Mavericks,1.99,1.87,AWAY
2022/4/30 09:00,Minnesota Timberwolves,Memphis Grizzlies,2.06,1.82,AWAY
2022/5/2 01:00,Boston Celtics,Milwaukee Bucks,1.52,2.63,AWAY
2022/5/2 03:30,Memphis Grizzlies,Golden State Warriors,2.2,1.73,AWAY
2022/5/3 07:30,Miami Heat,Philadelphia 76ers,1.29,3.79,HOME
2022/5/3 10:00,Phoenix Suns,Dallas Mavericks,1.41,3.06,HOME
2022/5/4 07:00,Boston Celtics,Milwaukee Bucks,1.58,2.5,HOME
2022/5/4 09:30,Memphis Grizzlies,Golden State Warriors,2.08,1.81,HOME
2022/5/5 07:30,Miami Heat,Philadelphia 76ers,1.29,3.87,HOME
2022/5/5 10:00,Phoenix Suns,Dallas Mavericks,1.4,3.13,HOME
2022/5/7 07:00,Philadelphia 76ers,Miami Heat,1.91,1.95,HOME
2022/5/7 09:30,Dallas Mavericks,Phoenix Suns,1.89,1.98,HOME
2022/5/8 03:30,Milwaukee Bucks,Boston Celtics,1.74,2.18,HOME
2022/5/8 08:30,Golden State Warriors,Memphis Grizzlies,1.35,3.41,HOME
2022/5/9 03:30,Dallas Mavericks,Phoenix Suns,2.27,1.68,HOME
2022/5/9 08:00,Philadelphia 76ers,Miami Heat,1.75,2.15,HOME
2022/5/10 07:30,Milwaukee Bucks,Boston Celtics,1.81,2.07,AWAY
2022/5/10 10:00,Golden State Warriors,Memphis Grizzlies,1.19,5.11,HOME
2022/5/11 07:30,Miami Heat,Philadelphia 76ers,1.67,2.3,HOME
2022/5/11 10:00,Phoenix Suns,Dallas Mavericks,1.34,3.44,HOME
2022/5/12 07:00,Boston Celtics,Milwaukee Bucks,1.52,2.66,AWAY
2022/5/12 09:30,Memphis Grizzlies,Golden State Warriors,2.54,1.56,HOME
2022/5/13 07:00,Philadelphia 76ers,Miami Heat,1.74,2.18,AWAY
2022/5/13 09:30,Dallas Mavericks,Phoenix Suns,2.17,1.74,HOME
2022/5/14 07:30,Milwaukee Bucks,Boston Celtics,1.85,2.02,AWAY
2022/5/14 10:00,Golden State Warriors,Memphis Grizzlies,1.29,3.8,HOME
2022/5/16 03:30,Boston Celtics,Milwaukee Bucks,1.48,2.76,HOME
2022/5/16 08:00,Phoenix Suns,Dallas Mavericks,1.37,3.25,AWAY
2022/5/18 08:30,Miami Heat,Boston Celtics,1.52,2.66,HOME
2022/5/19 09:00,Golden State Warriors,Dallas Mavericks,1.45,2.88,HOME
2022/5/20 08:30,Miami Heat,Boston Celtics,1.87,2,AWAY
2022/5/21 09:00,Golden State Warriors,Dallas Mavericks,1.4,3.09,HOME
2022/5/22 08:30,Boston Celtics,Miami Heat,1.44,2.92,AWAY
2022/5/23 09:00,Dallas Mavericks,Golden State Warriors,1.66,2.31,AWAY
2022/5/24 08:30,Boston Celtics,Miami Heat,1.38,3.23,HOME
2022/5/25 09:00,Dallas Mavericks,Golden State Warriors,1.81,2.06,HOME
2022/5/26 08:30,Miami Heat,Boston Celtics,2.4,1.62,AWAY
2022/5/27 09:00,Golden State Warriors,Dallas Mavericks,1.36,3.31,HOME
2022/5/28 08:30,Boston Celtics,Miami Heat,1.25,4.18,AWAY
2022/5/30 08:30,Miami Heat,Boston Celtics,2.3,1.66,AWAY
